customer_id,frequency,monetary,recency,average_order_value,churn,churn_probability,churn_prediction,risk_category
1,6,9188.85,134.0,1531.475,1,0.6461940138164267,1,Medium Risk
2,6,6952.19,349.0,1158.698333,0,0.6602677366864415,1,Medium Risk
3,7,14103.82,45.0,2014.831429,1,0.6032081051371867,1,Medium Risk
4,7,7262.45,68.0,1037.492857,1,0.6474846094694559,1,Medium Risk
5,2,2849.26,856.0,1424.63,1,0.7230492626567216,1,High Risk
6,4,6745.32,64.0,1686.33,1,0.6817871152457586,1,Medium Risk
7,4,5589.8,469.0,1397.45,0,0.6901846316373369,1,Medium Risk
8,9,7530.63,89.0,836.736667,1,0.6060649947331235,1,Medium Risk
9,5,6265.84,5.0,1253.168,1,0.6839389134024154,1,Medium Risk
10,2,2905.75,587.0,1452.875,1,0.7256818550038604,1,High Risk
11,5,5743.63,48.0,1148.726,0,0.6883460789708368,1,Medium Risk
12,1,142.92,278.0,142.92,1,0.814400424497374,1,High Risk
13,1,677.48,672.0,677.48,1,0.7843395790183925,1,High Risk
14,4,6147.59,58.0,1536.8975,0,0.6897603917151435,1,Medium Risk
15,5,9499.65,86.0,1899.93,0,0.6497793959706508,1,Medium Risk
16,4,5295.44,139.0,1323.86,1,0.6994657996554625,1,Medium Risk
17,7,8848.67,48.0,1264.095714,1,0.637675833066443,1,Medium Risk
18,4,4730.18,452.0,1182.545,1,0.7015838453621663,1,High Risk
19,3,4146.71,207.0,1382.236667,0,0.7157815579367588,1,High Risk
20,2,2630.68,171.0,1315.34,1,0.7395153043892574,1,High Risk
21,5,4677.04,115.0,935.408,0,0.6975851420100346,1,Medium Risk
22,2,3523.5,173.0,1761.75,1,0.7149483323072183,1,High Risk
23,5,12046.78,83.0,2409.356,1,0.6229519947684239,1,Medium Risk
24,7,12036.76,6.0,1719.537143,0,0.6176511090984931,1,Medium Risk
25,3,3870.72,165.0,1290.24,1,0.7212983022119368,1,High Risk
26,2,3071.68,423.0,1535.84,0,0.7236492436187569,1,High Risk
27,5,8599.49,16.0,1719.898,1,0.6602943429937284,1,Medium Risk
28,5,6196.16,85.0,1239.232,1,0.6832746923260129,1,Medium Risk
29,0,0.0,9999.0,0.0,1,0.70733103426015,1,High Risk
30,6,7894.8,85.0,1315.8,0,0.6574265939074355,1,Medium Risk
31,6,7466.99,431.0,1244.498333,1,0.6547339451729971,1,Medium Risk
32,4,6965.39,82.0,1741.3475,1,0.6785551453007587,1,Medium Risk
33,7,13876.81,116.0,1982.401429,0,0.6033969684909666,1,Medium Risk
34,4,7076.53,236.0,1769.1325,1,0.674435522716231,1,Medium Risk
35,6,12733.93,130.0,2122.321667,1,0.61717040166453,1,Medium Risk
36,2,2813.16,475.0,1406.58,1,0.7299575370550253,1,High Risk
37,3,3625.77,187.0,1208.59,0,0.7252172822067064,1,High Risk
38,6,9363.05,159.0,1560.508333,1,0.6443397721465421,1,Medium Risk
39,6,8641.82,215.0,1440.303333,0,0.649155242819129,1,Medium Risk
40,3,7866.08,92.0,2622.026667,0,0.6477613991475847,1,Medium Risk
41,4,5697.09,125.0,1424.2725,1,0.6945122057882765,1,Medium Risk
42,4,6750.21,12.0,1687.5525,1,0.6826030847067801,1,Medium Risk
43,5,7130.96,19.0,1426.192,1,0.6751058798230112,1,Medium Risk
44,4,5950.54,185.0,1487.635,0,0.6902142974004416,1,Medium Risk
45,4,11063.83,69.0,2765.9575,1,0.6219081744127293,1,Medium Risk
46,9,9973.11,20.0,1108.123333,0,0.5967772359298806,1,Medium Risk
47,4,7213.4,95.0,1803.35,0,0.6750171200507722,1,Medium Risk
48,5,6673.79,54.0,1334.758,1,0.6790682549635942,1,Medium Risk
49,3,4861.23,3.0,1620.41,1,0.7062917001997788,1,High Risk
50,7,6995.38,230.0,999.34,1,0.6462963247762181,1,Medium Risk
51,7,9816.85,124.0,1402.407143,1,0.6300265465764149,1,Medium Risk
52,7,12338.27,106.0,1762.61,0,0.613811525681606,1,Medium Risk
53,4,6615.17,275.0,1653.7925,0,0.6799337541763457,1,Medium Risk
54,3,4184.75,230.0,1394.916667,1,0.7147419672418867,1,High Risk
55,7,14984.63,153.0,2140.661429,1,0.595278168210708,1,Medium Risk
56,6,10267.11,182.0,1711.185,1,0.6365794500875506,1,Medium Risk
57,1,3294.88,587.0,3294.88,0,0.6293269551158613,1,Medium Risk
58,6,9904.8,3.0,1650.8,0,0.6427497775057929,1,Medium Risk
59,3,4313.84,467.0,1437.946667,1,0.7086398617429485,1,High Risk
60,4,5544.8,118.0,1386.2,1,0.6965990669459108,1,Medium Risk
61,2,2439.91,71.0,1219.955,1,0.7460596579202392,1,High Risk
62,2,2831.17,330.0,1415.585,1,0.7316949017582665,1,High Risk
63,4,3981.69,355.0,995.4225,1,0.7126271488579804,1,High Risk
64,3,3419.19,133.0,1139.73,1,0.7296153112765265,1,High Risk
65,2,2855.28,336.0,1427.64,1,0.7309461417049793,1,High Risk
66,3,3876.02,6.0,1292.006667,0,0.7236964135215951,1,High Risk
67,6,14874.24,72.0,2479.04,1,0.6002611526253965,1,Medium Risk
68,7,6705.76,122.0,957.965714,0,0.6500637856924912,1,Medium Risk
69,7,12265.61,119.0,1752.23,1,0.6140514764874377,1,Medium Risk
70,2,3336.18,341.0,1668.09,1,0.7175577816317613,1,High Risk
71,7,13560.35,115.0,1937.192857,1,0.6055274123450048,1,Medium Risk
72,4,5071.41,121.0,1267.8525,0,0.7026302514327042,1,High Risk
73,5,7720.51,123.0,1544.102,0,0.6673776489043576,1,Medium Risk
74,5,5605.57,178.0,1121.114,0,0.6875179332835856,1,Medium Risk
75,4,5982.38,114.0,1495.595,1,0.6909836828313358,1,Medium Risk
76,4,4656.68,406.0,1164.17,0,0.7032740240472896,1,High Risk
77,2,5591.39,345.0,2795.695,0,0.6500979448433101,1,Medium Risk
78,4,2916.09,176.0,729.0225,1,0.7285528170947889,1,High Risk
79,3,4602.04,757.0,1534.013333,1,0.698690919490545,1,Medium Risk
80,4,5915.54,142.0,1478.885,0,0.6913887681635456,1,Medium Risk
81,5,6491.16,20.0,1298.232,1,0.6814582649293165,1,Medium Risk
82,1,414.42,238.0,414.42,1,0.8025447218727366,1,High Risk
83,3,3905.19,158.0,1301.73,0,0.7208054537201918,1,High Risk
84,2,2460.33,53.0,1230.165,1,0.7457897436396859,1,High Risk
85,4,3514.12,94.0,878.53,0,0.7225501629580505,1,High Risk
86,5,7056.13,90.0,1411.226,0,0.6746378760381706,1,Medium Risk
87,3,2915.8,113.0,971.933333,1,0.7384647760009029,1,High Risk
88,4,8331.13,298.0,2082.7825,1,0.6562866484450728,1,Medium Risk
89,2,2755.38,181.0,1377.69,1,0.7360201673124462,1,High Risk
90,5,10810.88,306.0,2162.176,1,0.6320590276869705,1,Medium Risk
91,2,719.11,259.0,359.555,1,0.78609417781772,1,High Risk
92,3,3448.72,262.0,1149.573333,1,0.7271133628447088,1,High Risk
93,1,2635.91,163.0,2635.91,1,0.680468059339109,1,Medium Risk
94,2,2120.14,582.0,1060.07,1,0.7468927097741707,1,High Risk
95,6,7520.58,243.0,1253.43,1,0.6576208758614622,1,Medium Risk
96,5,7046.07,94.0,1409.214,1,0.6746700246154282,1,Medium Risk
97,5,4441.63,115.0,888.326,0,0.6998460452248021,1,Medium Risk
98,2,1733.5,178.0,866.75,1,0.7626499579882622,1,High Risk
99,0,0.0,9999.0,0.0,1,0.70733103426015,1,High Risk
100,3,8708.76,35.0,2902.92,1,0.6319042861778946,1,Medium Risk
101,5,4244.76,107.0,848.952,1,0.7018601719220304,1,High Risk
102,4,5833.02,19.0,1458.255,1,0.6945064949930326,1,Medium Risk
103,7,6752.59,4.0,964.655714,1,0.6518613972863503,1,Medium Risk
104,4,7186.47,29.0,1796.6175,1,0.6765075373294205,1,Medium Risk
105,6,6858.62,136.0,1143.103333,1,0.6647267799503566,1,Medium Risk
106,6,6710.45,27.0,1118.408333,0,0.6677830116787532,1,Medium Risk
107,5,5405.18,60.0,1081.036,0,0.691448927832013,1,Medium Risk
108,3,3355.58,117.0,1118.526667,0,0.7309509499752939,1,High Risk
109,5,10351.6,110.0,2070.32,1,0.6404519695603588,1,Medium Risk
110,4,1777.83,45.0,444.4575,1,0.744044697998887,1,High Risk
111,3,7022.82,210.0,2340.94,1,0.6622455217739797,1,Medium Risk
112,5,11068.49,21.0,2213.698,0,0.6345004559816937,1,Medium Risk
113,1,2769.22,594.0,2769.22,1,0.6644331558649351,1,Medium Risk
114,8,10177.62,257.0,1272.2025,1,0.6099534125418196,1,Medium Risk
115,2,3822.75,61.0,1911.375,1,0.7082315182902179,1,High Risk
116,2,4319.54,543.0,2159.77,0,0.6857433906820309,1,Medium Risk
117,2,3284.39,568.0,1642.195,0,0.7154135734536937,1,High Risk
118,4,6000.03,115.0,1500.0075,0,0.6907365993595148,1,Medium Risk
119,5,6952.53,79.0,1390.506,1,0.6758627900306412,1,Medium Risk
120,4,6389.87,245.0,1597.4675,1,0.6834303886702953,1,Medium Risk
121,6,14597.26,151.0,2432.876667,0,0.6011253607193293,1,Medium Risk
122,4,5341.05,281.0,1335.2625,1,0.696539677384054,1,Medium Risk
123,3,6705.05,402.0,2235.016667,1,0.6650648336538024,1,Medium Risk
124,2,3063.34,306.0,1531.67,0,0.7257036244512706,1,High Risk
125,5,6095.75,18.0,1219.15,0,0.6853950041565621,1,Medium Risk
126,2,3527.03,653.0,1763.515,0,0.7071434380096283,1,High Risk
127,2,3869.27,183.0,1934.635,0,0.704918582856133,1,High Risk
128,0,0.0,9999.0,0.0,1,0.70733103426015,1,High Risk
129,6,9283.13,266.0,1547.188333,0,0.6430694257704085,1,Medium Risk
130,7,14269.47,105.0,2038.495714,1,0.6009774323618594,1,Medium Risk
131,5,8502.61,3.0,1700.522,1,0.6615125049169073,1,Medium Risk
132,4,8055.1,112.0,2013.775,1,0.6633350586519448,1,Medium Risk
133,3,1567.04,256.0,522.346667,1,0.7584331662052268,1,High Risk
134,3,7446.12,52.0,2482.04,0,0.6567522879801694,1,Medium Risk
135,3,2995.36,509.0,998.453333,1,0.731087905339092,1,High Risk
136,8,8640.69,31.0,1080.08625,1,0.6222624810111987,1,Medium Risk
137,6,8042.54,103.0,1340.423333,0,0.6559340862676757,1,Medium Risk
138,9,16638.61,72.0,1848.734444,1,0.5664894609664362,1,Medium Risk
139,5,10701.49,131.0,2140.298,0,0.6363883967305048,1,Medium Risk
140,1,2292.95,421.0,2292.95,0,0.6977186344906116,1,Medium Risk
141,3,6941.23,144.0,2313.743333,1,0.6649802148259083,1,Medium Risk
142,5,5117.95,135.0,1023.59,1,0.6929924512946475,1,Medium Risk
143,2,2973.01,641.0,1486.505,1,0.7229779120816237,1,High Risk
144,5,6823.96,89.0,1364.792,0,0.6769756587451955,1,Medium Risk
145,6,7689.19,183.0,1281.531667,0,0.6573364758327989,1,Medium Risk
146,3,2641.62,19.0,880.54,1,0.7444425360268967,1,High Risk
147,2,1947.96,58.0,973.98,1,0.7589463512039479,1,High Risk
148,3,4281.03,210.0,1427.01,0,0.713351652638784,1,High Risk
149,7,5997.47,8.0,856.781429,1,0.6565584283722489,1,Medium Risk
150,3,3076.34,9.0,1025.446667,1,0.7373364402254492,1,High Risk
151,7,10456.7,12.0,1493.814286,0,0.6279008767596397,1,Medium Risk
152,8,8375.2,7.0,1046.9,1,0.6240977685578543,1,Medium Risk
153,4,4958.99,66.0,1239.7475,1,0.7049584261801983,1,High Risk
154,0,0.0,9999.0,0.0,1,0.70733103426015,1,High Risk
155,0,0.0,9999.0,0.0,0,0.70733103426015,1,High Risk
156,4,7217.43,299.0,1804.3575,0,0.6714568915509693,1,Medium Risk
157,4,6943.71,291.0,1735.9275,1,0.6752739921304365,1,Medium Risk
158,6,9446.72,409.0,1574.453333,0,0.63917064725674,1,Medium Risk
159,4,4316.87,20.0,1079.2175,1,0.7137900421919493,1,High Risk
160,6,8215.81,207.0,1369.301667,1,0.6527132840339056,1,Medium Risk
161,3,5911.68,151.0,1970.56,1,0.6845024155985783,1,Medium Risk
162,3,3729.78,351.0,1243.26,0,0.7208404612808005,1,High Risk
163,4,5986.72,75.0,1496.68,1,0.6915773100740333,1,Medium Risk
164,3,2354.25,177.0,784.75,1,0.7468404646776589,1,High Risk
165,2,3087.82,199.0,1543.91,1,0.7266910689759036,1,High Risk
166,3,4353.56,119.0,1451.186667,1,0.7135157844908162,1,High Risk
167,3,4120.94,577.0,1373.646667,0,0.7103257089118987,1,High Risk
168,8,12068.29,35.0,1508.53625,1,0.6039988374118921,1,Medium Risk
169,3,3309.05,116.0,1103.016667,1,0.7317612002428348,1,High Risk
170,4,7061.99,279.0,1765.4975,1,0.673892797924993,1,Medium Risk
171,7,15799.76,40.0,2257.108571,1,0.5919194754769425,1,Medium Risk
172,3,2742.06,82.0,914.02,1,0.7418360003614957,1,High Risk
173,4,4697.76,327.0,1174.44,1,0.7040374358432261,1,High Risk
174,5,8554.7,161.0,1710.94,1,0.658208650822836,1,Medium Risk
175,5,6479.2,152.0,1295.84,1,0.6793344026167142,1,Medium Risk
176,1,419.6,396.0,419.6,1,0.8003384356536003,1,High Risk
177,8,12544.6,117.0,1568.075,1,0.599910243311192,1,Medium Risk
178,3,3617.33,409.0,1205.776667,0,0.721894965260927,1,High Risk
179,2,2098.08,116.0,1049.04,1,0.7542801949202984,1,High Risk
180,3,5147.54,385.0,1715.846667,1,0.694809727423866,1,Medium Risk
181,6,11405.5,210.0,1900.916667,1,0.6267235973448732,1,Medium Risk
182,4,6103.1,9.0,1525.775,0,0.6911597293194617,1,Medium Risk
183,5,9124.42,9.0,1824.884,1,0.6550256441649229,1,Medium Risk
184,4,4461.18,153.0,1115.295,0,0.7098492993487814,1,High Risk
185,3,3048.98,453.0,1016.326667,0,0.7310314157227041,1,High Risk
186,3,3069.75,518.0,1023.25,0,0.7296756847665635,1,High Risk
187,6,8960.71,216.0,1493.451667,0,0.646570011530738,1,Medium Risk
188,3,9943.85,235.0,3314.616667,1,0.6028555981646869,1,Medium Risk
189,7,11822.56,29.0,1688.937143,1,0.618638140386341,1,Medium Risk
190,7,14873.83,81.0,2124.832857,1,0.5973766487872944,1,Medium Risk
191,2,1760.24,406.0,880.12,1,0.7587327196007511,1,High Risk
192,1,2078.98,548.0,2078.98,1,0.7087571801945838,1,High Risk
193,8,10532.48,80.0,1316.56,0,0.6113532881010391,1,Medium Risk
194,2,2634.44,471.0,1317.22,1,0.7348736800331174,1,High Risk
195,5,6254.21,234.0,1250.842,1,0.6801743363514737,1,Medium Risk
196,6,7785.23,43.0,1297.538333,1,0.6590346385457758,1,Medium Risk
197,3,1981.66,225.0,660.553333,1,0.7522183602915895,1,High Risk
198,4,6647.59,28.0,1661.8975,1,0.6836901802528971,1,Medium Risk
199,4,6668.36,284.0,1667.09,1,0.6790726274308732,1,Medium Risk
200,3,5208.18,55.0,1736.06,1,0.6991410818632038,1,Medium Risk
201,5,7166.38,354.0,1433.276,0,0.6689815578421223,1,Medium Risk
202,0,0.0,9999.0,0.0,0,0.70733103426015,1,High Risk
203,7,11012.76,210.0,1573.251429,1,0.6206323986337214,1,Medium Risk
204,5,6623.65,187.0,1324.73,0,0.677299756744242,1,Medium Risk
205,1,3521.74,63.0,3521.74,1,0.6233199349222902,1,Medium Risk
206,4,2680.1,604.0,670.025,1,0.7247763329576331,1,High Risk
207,1,1234.93,758.0,1234.93,1,0.7541288355473461,1,High Risk
208,2,1019.24,299.0,509.62,1,0.7784772395323177,1,High Risk
209,5,5897.69,244.0,1179.538,0,0.6835332827213455,1,Medium Risk
210,2,3604.27,236.0,1802.135,0,0.7116522855164699,1,High Risk
211,2,2722.54,223.0,1361.27,1,0.7362669920194406,1,High Risk
212,3,4715.08,671.0,1571.693333,1,0.6980357512117276,1,Medium Risk
213,5,6621.42,26.0,1324.284,0,0.6800648706412686,1,Medium Risk
214,7,8032.13,47.0,1147.447143,1,0.6429426393618819,1,Medium Risk
215,4,5004.56,55.0,1251.14,0,0.7045576958015124,1,High Risk
216,2,2240.27,285.0,1120.135,1,0.748129270453602,1,High Risk
217,6,9693.73,220.0,1615.621667,1,0.6405644310465357,1,Medium Risk
218,4,5598.41,134.0,1399.6025,0,0.6956415069261936,1,Medium Risk
219,4,3969.53,18.0,992.3825,0,0.7181390108986777,1,High Risk
220,4,5334.24,68.0,1333.56,0,0.7001328835769356,1,High Risk
221,6,9607.95,20.0,1601.325,0,0.6448475929247464,1,Medium Risk
222,1,313.32,805.0,313.32,1,0.8002185388645738,1,High Risk
223,4,5733.67,287.0,1433.4175,0,0.691343518391461,1,Medium Risk
224,7,10713.38,360.0,1530.482857,1,0.619840307006775,1,Medium Risk
225,3,2802.99,167.0,934.33,1,0.739542994827419,1,High Risk
226,6,11357.49,122.0,1892.915,0,0.6287261212441544,1,Medium Risk
227,1,41.7,616.0,41.7,1,0.8149003921574511,1,High Risk
228,4,5176.73,129.0,1294.1825,1,0.7011525508373326,1,High Risk
229,4,4856.42,111.0,1214.105,1,0.7055308178634844,1,High Risk
230,2,5314.57,330.0,2657.285,1,0.6590384064933914,1,Medium Risk
231,4,8159.8,58.0,2039.95,1,0.6628479086261388,1,Medium Risk
232,5,8865.95,44.0,1773.19,0,0.6570695117216802,1,Medium Risk
233,3,6608.51,192.0,2202.836667,0,0.6705664228090124,1,Medium Risk
234,2,3597.95,77.0,1798.975,1,0.7143733552398428,1,High Risk
235,5,12100.95,1.0,2420.19,1,0.6238757763783912,1,Medium Risk
236,4,9748.72,232.0,2437.18,1,0.637678340355425,1,Medium Risk
237,1,864.69,460.0,864.69,1,0.7777731467141299,1,High Risk
238,4,6280.89,23.0,1570.2225,1,0.6886008628288088,1,Medium Risk
239,6,9396.53,277.0,1566.088333,0,0.641952822348137,1,Medium Risk
240,3,4981.89,621.0,1660.63,1,0.6939536391284165,1,Medium Risk
241,5,7963.97,27.0,1592.794,1,0.6665763941787929,1,Medium Risk
242,5,6826.78,80.0,1365.356,0,0.677101270340028,1,Medium Risk
243,2,2787.85,596.0,1393.925,1,0.7287840880171386,1,High Risk
244,2,3330.92,743.0,1665.46,1,0.7112992165440293,1,High Risk
245,4,7736.45,76.0,1934.1125,0,0.6682943360296921,1,Medium Risk
246,2,5568.45,427.0,2784.225,0,0.6493636559723962,1,Medium Risk
247,8,15623.11,275.0,1952.88875,1,0.5802655787849414,1,Medium Risk
248,2,3620.41,80.0,1810.205,1,0.7136898113654232,1,High Risk
249,4,4729.33,170.0,1182.3325,1,0.7061865876896039,1,High Risk
250,4,5244.75,31.0,1311.1875,1,0.7018851646545429,1,High Risk
251,8,10848.0,77.0,1356.0,0,0.6097302967368491,1,Medium Risk
252,6,11268.82,243.0,1878.136667,0,0.6272487423705931,1,Medium Risk
253,3,3155.54,65.0,1051.846667,1,0.7351495865960768,1,High Risk
254,3,3749.41,16.0,1249.803333,0,0.7257368391270029,1,High Risk
255,2,2457.18,672.0,1228.59,1,0.7365976960628202,1,High Risk
256,3,3512.7,571.0,1170.9,1,0.7211799768625161,1,High Risk
257,4,8879.2,641.0,2219.8,0,0.6425603739779895,1,Medium Risk
258,2,3060.38,443.0,1530.19,1,0.7236500052309558,1,High Risk
259,5,8908.03,68.0,1781.606,1,0.6562139230960862,1,Medium Risk
260,6,6953.45,72.0,1158.908333,0,0.6650951587444661,1,Medium Risk
261,2,3274.27,520.0,1637.135,1,0.7164614900398321,1,High Risk
262,3,4165.65,78.0,1388.55,1,0.7174936738647586,1,High Risk
263,3,5463.85,308.0,1821.283333,1,0.6902342735541591,1,Medium Risk
264,4,5895.51,119.0,1473.8775,0,0.6920330129988711,1,Medium Risk
265,7,7484.66,86.0,1069.237143,1,0.6457460900140493,1,Medium Risk
266,6,6903.6,16.0,1150.6,1,0.6664601335627812,1,Medium Risk
267,1,1383.68,748.0,1383.68,1,0.7460897453434094,1,High Risk
268,5,7366.4,155.0,1473.28,0,0.670401996908073,1,Medium Risk
269,4,7030.05,46.0,1757.5125,1,0.6783065324579592,1,Medium Risk
270,2,5121.16,133.0,2560.58,0,0.6684562893771387,1,Medium Risk
271,2,1376.8,282.0,688.4,1,0.7700477308597453,1,High Risk
272,3,3431.0,32.0,1143.666667,1,0.7309672283856412,1,High Risk
273,10,11839.98,97.0,1183.998,1,0.5675820970472174,1,Medium Risk
274,5,6282.67,55.0,1256.534,1,0.682927667613979,1,Medium Risk
275,3,3885.93,351.0,1295.31,1,0.7181001159757229,1,High Risk
276,3,4105.9,167.0,1368.633333,1,0.71713723866097,1,High Risk
277,6,12180.49,9.0,2030.081667,0,0.6239949234237039,1,Medium Risk
278,3,4963.56,174.0,1654.52,0,0.7016535119831288,1,High Risk
279,4,2719.5,122.0,679.875,1,0.7317514687684615,1,High Risk
280,2,3684.5,408.0,1842.25,1,0.7065867765163396,1,High Risk
281,6,5608.14,82.0,934.69,1,0.6754148942925806,1,Medium Risk
282,4,6117.44,0.0,1529.36,0,0.691122725432283,1,Medium Risk
283,4,7844.65,93.0,1961.1625,1,0.6665315645215109,1,Medium Risk
284,3,3791.46,92.0,1263.82,1,0.7238231364258088,1,High Risk
285,5,13176.34,325.0,2635.268,1,0.6062692963083496,1,Medium Risk
286,10,14400.26,73.0,1440.026,0,0.5588311398364215,1,Medium Risk
287,4,8408.78,127.0,2102.195,1,0.6582269699962022,1,Medium Risk
288,5,5098.47,107.0,1019.694,1,0.6936465419265704,1,Medium Risk
289,2,5467.43,202.0,2733.715,0,0.656519906175135,1,Medium Risk
290,4,6236.2,165.0,1559.05,1,0.6868049276595989,1,Medium Risk
291,3,2023.71,59.0,674.57,1,0.7539499884653664,1,High Risk
292,8,10642.98,88.0,1330.3725,1,0.6106170651341472,1,Medium Risk
293,4,5906.98,62.0,1476.745,1,0.6928320881953799,1,Medium Risk
294,3,7676.05,328.0,2558.683333,0,0.6473245226766311,1,Medium Risk
295,2,2910.48,469.0,1455.24,1,0.7273831941425026,1,High Risk
296,3,2363.76,245.0,787.92,1,0.7456779325692932,1,High Risk
297,5,8911.43,8.0,1782.286,1,0.6572356890442417,1,Medium Risk
298,10,18581.09,84.0,1858.109,1,0.543492015769691,1,Medium Risk
299,3,2775.68,113.0,925.226667,1,0.7408109974193279,1,High Risk
300,3,6250.95,7.0,2083.65,1,0.6805479915509005,1,Medium Risk
301,5,8306.45,58.0,1661.29,0,0.6625534775246221,1,Medium Risk
302,2,3152.15,623.0,1576.075,1,0.7182620067399258,1,High Risk
303,6,8279.89,142.0,1379.981667,1,0.6533514920627964,1,Medium Risk
304,4,4299.35,67.0,1074.8375,0,0.7132583720494073,1,High Risk
305,5,5741.18,407.0,1148.236,0,0.6823219869189413,1,Medium Risk
306,3,1201.51,187.0,400.503333,0,0.7651782846412705,1,High Risk
307,2,2108.89,715.0,1054.445,1,0.7452195811814588,1,High Risk
308,9,10922.08,209.0,1213.564444,0,0.5890744768299823,1,Medium Risk
309,4,5989.42,16.0,1497.355,0,0.6925244717468101,1,Medium Risk
310,4,2709.64,251.0,677.41,1,0.7298874400260277,1,High Risk
311,1,2357.03,343.0,2357.03,1,0.6950292457860181,1,Medium Risk
312,8,8414.37,78.0,1051.79625,0,0.6225896622724849,1,Medium Risk
313,6,9860.38,159.0,1643.396667,1,0.6403075377658046,1,Medium Risk
314,4,4979.81,37.0,1244.9525,1,0.7051649380746993,1,High Risk
315,5,6854.63,77.0,1370.926,1,0.6768746748622005,1,Medium Risk
316,6,7329.26,9.0,1221.543333,0,0.6632347622536919,1,Medium Risk
317,6,10843.75,25.0,1807.291667,1,0.6347070913913578,1,Medium Risk
318,4,7789.52,138.0,1947.38,0,0.6664991063955316,1,Medium Risk
319,4,7568.49,119.0,1892.1225,1,0.669823561114243,1,Medium Risk
320,4,8521.18,63.0,2130.295,1,0.6578061651340049,1,Medium Risk
321,4,6892.54,39.0,1723.135,1,0.6802567060690093,1,Medium Risk
322,4,7740.84,345.0,1935.21,0,0.6635594006096066,1,Medium Risk
323,3,3212.82,89.0,1070.94,0,0.7338126297632486,1,High Risk
324,6,10085.08,353.0,1680.846667,1,0.6349734614505486,1,Medium Risk
325,4,4782.58,207.0,1195.645,1,0.7049099028313356,1,High Risk
326,7,10147.14,170.0,1449.591429,0,0.6270351304382982,1,Medium Risk
327,4,9693.64,232.0,2423.41,1,0.6384557991863248,1,Medium Risk
328,6,6047.69,190.0,1007.948333,1,0.6701425528442562,1,Medium Risk
329,2,4217.27,493.0,2108.635,0,0.6896269026384423,1,Medium Risk
330,2,5869.13,116.0,2934.565,1,0.6453960213730647,1,Medium Risk
331,6,8206.2,151.0,1367.7,1,0.653781107456781,1,Medium Risk
332,6,7192.3,212.0,1198.716667,0,0.6607676561489683,1,Medium Risk
333,1,950.36,389.0,950.36,1,0.7743661084891195,1,High Risk
334,1,179.75,539.0,179.75,1,0.8096375909631938,1,High Risk
335,5,4891.8,127.0,978.36,1,0.6953155998155315,1,Medium Risk
336,8,10121.74,97.0,1265.2175,0,0.6132197673868889,1,Medium Risk
337,3,5826.13,307.0,1942.043333,1,0.6834759666825648,1,Medium Risk
338,6,11323.89,113.0,1887.315,0,0.6291669371591257,1,Medium Risk
339,6,6926.07,11.0,1154.345,0,0.6663706870077155,1,Medium Risk
340,4,7035.9,77.0,1758.975,0,0.677699742140771,1,Medium Risk
341,4,4991.61,263.0,1247.9025,1,0.7013297797417627,1,High Risk
342,5,4437.09,139.0,887.418,0,0.6994955732030718,1,Medium Risk
343,6,9732.15,62.0,1622.025,1,0.6430903673443158,1,Medium Risk
344,9,14042.72,192.0,1560.302222,0,0.5756831076059817,1,Medium Risk
345,6,10110.15,108.0,1685.025,0,0.6391943254311531,1,Medium Risk
346,9,11034.25,30.0,1226.027778,1,0.591965831834181,1,Medium Risk
347,2,4919.98,23.0,2459.99,0,0.6764907078295145,1,Medium Risk
348,3,5739.96,408.0,1913.32,0,0.683389847436047,1,Medium Risk
349,3,5109.18,219.0,1703.06,1,0.6982559899242532,1,Medium Risk
350,5,7765.66,22.0,1553.132,0,0.6686707194951836,1,Medium Risk
351,1,2247.49,583.0,2247.49,1,0.6978642361837142,1,Medium Risk
352,7,8555.28,139.0,1222.182857,0,0.6379251752638383,1,Medium Risk
353,8,15404.23,14.0,1925.52875,1,0.5864118989076216,1,Medium Risk
354,4,3767.15,34.0,941.7875,1,0.7203843262015911,1,High Risk
355,3,6271.61,43.0,2090.536667,0,0.679545172487612,1,Medium Risk
356,7,10159.8,156.0,1451.4,1,0.6272082654109232,1,Medium Risk
357,7,9956.65,85.0,1422.378571,1,0.6298272197273721,1,Medium Risk
358,0,0.0,9999.0,0.0,1,0.70733103426015,1,High Risk
359,2,1387.2,259.0,693.6,1,0.7701106421643009,1,High Risk
360,1,1291.93,462.0,1291.93,0,0.7553117777236239,1,High Risk
361,1,964.51,233.0,964.51,1,0.7757665933334024,1,High Risk
362,5,8140.85,72.0,1628.17,1,0.6639965686895286,1,Medium Risk
363,2,1212.7,650.0,606.35,1,0.7689828778565664,1,High Risk
364,2,1889.03,547.0,944.515,1,0.7534089477362265,1,High Risk
365,2,1407.69,259.0,703.845,1,0.7696074370106143,1,High Risk
366,4,6588.33,306.0,1647.0825,1,0.6797636815666033,1,Medium Risk
367,4,7442.52,435.0,1860.63,1,0.6660557007884269,1,Medium Risk
368,1,1278.03,854.0,1278.03,1,0.7503728389832085,1,High Risk
369,3,1807.0,29.0,602.333333,1,0.7578591748953417,1,High Risk
370,5,6883.09,31.0,1376.618,1,0.6773764927224669,1,Medium Risk
371,8,12400.44,97.0,1550.055,1,0.6010589389349319,1,Medium Risk
372,3,5368.34,81.0,1789.446667,1,0.6957739483099379,1,Medium Risk
373,1,2086.95,422.0,2086.95,1,0.7103036895743166,1,High Risk
374,2,2557.67,22.0,1278.835,1,0.7436852042785629,1,High Risk
375,1,1579.59,482.0,1579.59,1,0.7390677250654967,1,High Risk
376,5,6246.16,298.0,1249.232,1,0.6791657054163615,1,Medium Risk
377,2,2968.06,63.0,1484.03,0,0.7320647714727949,1,High Risk
378,4,8403.88,215.0,2100.97,0,0.6567461831837975,1,Medium Risk
379,3,8749.02,248.0,2916.34,1,0.6272070876620608,1,Medium Risk
380,3,4740.26,480.0,1580.086667,1,0.7007127292711293,1,High Risk
381,6,9387.52,332.0,1564.586667,1,0.6410377592325134,1,Medium Risk
382,3,7870.87,643.0,2623.623333,0,0.6377820087533124,1,Medium Risk
383,3,6030.66,651.0,2010.22,1,0.6737363997509798,1,Medium Risk
384,9,13601.35,50.0,1511.261111,1,0.58033441724542,1,Medium Risk
385,5,10492.87,399.0,2098.574,1,0.633741817810994,1,Medium Risk
386,4,6008.15,437.0,1502.0375,1,0.6852300811153591,1,Medium Risk
387,9,13358.85,122.0,1484.316667,0,0.5800316930058207,1,Medium Risk
388,4,4404.5,145.0,1101.125,1,0.7106908271899035,1,High Risk
389,6,13757.08,193.0,2292.846667,1,0.6074308463561532,1,Medium Risk
390,1,979.79,832.0,979.79,1,0.7667198359255444,1,High Risk
391,5,7700.3,328.0,1540.06,1,0.6640186865303592,1,Medium Risk
392,3,4623.33,105.0,1541.11,1,0.7089228011176376,1,High Risk
393,6,6377.06,54.0,1062.843333,1,0.6699217468257753,1,Medium Risk
394,4,12578.82,112.0,3144.705,0,0.5990956894701633,1,Medium Risk
395,7,9138.6,127.0,1305.514286,0,0.6343737712036007,1,Medium Risk
396,1,3906.24,848.0,3906.24,1,0.5816254678300918,1,Medium Risk
397,6,7610.74,101.0,1268.456667,1,0.6594000615422385,1,Medium Risk
398,5,6889.25,112.0,1377.85,1,0.6759304549845127,1,Medium Risk
399,5,4059.75,17.0,811.95,1,0.7050875621005749,1,High Risk
400,4,8879.61,47.0,2219.9025,0,0.6531411695878825,1,Medium Risk
401,6,4272.71,133.0,712.118333,1,0.6848008274035219,1,Medium Risk
402,4,6508.85,175.0,1627.2125,1,0.683040085087404,1,Medium Risk
403,2,4541.6,320.0,2270.8,0,0.6828576017576725,1,Medium Risk
404,2,1784.55,222.0,892.275,0,0.7607415878025653,1,High Risk
405,5,5730.29,35.0,1146.058,1,0.6886944116879125,1,Medium Risk
406,7,9332.55,101.0,1333.221429,0,0.6335889746951427,1,Medium Risk
407,5,6700.56,244.0,1340.112,1,0.6755571009358269,1,Medium Risk
408,4,4099.13,180.0,1024.7825,0,0.7139551786143532,1,High Risk
409,5,7891.39,136.0,1578.278,1,0.665418723002588,1,Medium Risk
410,6,7553.48,163.0,1258.913333,0,0.6587657553912268,1,Medium Risk
411,3,5529.22,2.0,1843.073333,0,0.694116818769895,1,Medium Risk
412,4,4061.45,238.0,1015.3625,0,0.7134999096145016,1,High Risk
413,3,4425.84,123.0,1475.28,0,0.7121653238358912,1,High Risk
414,6,11822.32,33.0,1970.386667,0,0.626517291346694,1,Medium Risk
415,8,12143.98,69.0,1517.9975,1,0.6029579503697393,1,Medium Risk
416,6,9504.19,31.0,1584.031667,0,0.6454891333009221,1,Medium Risk
417,4,2120.85,373.0,530.2125,1,0.7350714741449337,1,High Risk
418,4,7607.83,172.0,1901.9575,1,0.668374439055877,1,Medium Risk
419,7,9585.23,2.0,1369.318571,1,0.6337472640073302,1,Medium Risk
420,3,2634.4,200.0,878.133333,0,0.7418632715746694,1,High Risk
421,6,12414.7,219.0,2069.116667,0,0.6181888614487704,1,Medium Risk
422,2,1534.56,587.0,767.28,1,0.7618566045217281,1,High Risk
423,2,1717.65,70.0,858.825,1,0.7645695771697187,1,High Risk
424,6,11656.67,21.0,1942.778333,1,0.6281031961122067,1,Medium Risk
425,4,5478.49,27.0,1369.6225,0,0.6989530123472133,1,Medium Risk
426,4,3224.8,401.0,806.2,1,0.7212852510324816,1,High Risk
427,8,10183.91,62.0,1272.98875,0,0.6135383187422104,1,Medium Risk
428,2,2263.35,537.0,1131.675,1,0.7437922635265535,1,High Risk
429,3,8763.69,212.0,2921.23,1,0.627566378690973,1,Medium Risk
430,6,8230.36,143.0,1371.726667,0,0.6537295824751652,1,Medium Risk
431,2,1806.99,233.0,903.495,0,0.7600182802198757,1,High Risk
432,4,11485.73,83.0,2871.4325,1,0.6155671104663657,1,Medium Risk
433,2,2069.09,72.0,1034.545,1,0.7556594491892934,1,High Risk
434,8,13785.68,37.0,1723.21,0,0.5947341291797333,1,Medium Risk
435,6,9383.29,199.0,1563.881667,0,0.6434594530459232,1,Medium Risk
436,6,11533.74,76.0,1922.29,1,0.6281128711951629,1,Medium Risk
437,4,7799.16,321.0,1949.79,1,0.663182102931022,1,Medium Risk
438,3,3249.23,149.0,1083.076667,1,0.7322758028809327,1,High Risk
439,1,1895.38,398.0,1895.38,1,0.7221151539274452,1,High Risk
440,6,8492.11,20.0,1415.351667,1,0.6538137896419419,1,Medium Risk
441,3,4087.31,190.0,1362.436667,1,0.7171006317665466,1,High Risk
442,3,5537.8,177.0,1845.933333,1,0.6910470931613628,1,Medium Risk
443,4,8217.53,425.0,2054.3825,1,0.6556144548650944,1,Medium Risk
444,1,483.21,532.0,483.21,1,0.795615104474615,1,High Risk
445,3,2593.16,133.0,864.386667,1,0.7435487566210326,1,High Risk
446,3,8162.19,297.0,2720.73,1,0.6381747969016899,1,Medium Risk
447,7,11666.46,251.0,1666.637143,0,0.6155695298820809,1,Medium Risk
448,3,5287.45,438.0,1762.483333,1,0.6913411289008727,1,Medium Risk
449,6,7387.7,44.0,1231.283333,1,0.6621625473109243,1,Medium Risk
450,7,8529.26,12.0,1218.465714,0,0.6403810065050861,1,Medium Risk
451,5,6943.44,370.0,1388.688,1,0.670954114859467,1,Medium Risk
452,1,1184.14,346.0,1184.14,0,0.762756990967829,1,High Risk
453,6,8787.64,108.0,1464.606667,1,0.6498867223818052,1,Medium Risk
454,4,2489.36,135.0,622.34,1,0.7343054505544524,1,High Risk
455,7,9685.75,57.0,1383.678571,1,0.6320971419717896,1,Medium Risk
456,4,4029.82,193.0,1007.455,0,0.7146124586929492,1,High Risk
457,6,6527.82,43.0,1087.97,1,0.6689345423306642,1,Medium Risk
458,5,4163.18,91.0,832.636,0,0.7028995095189075,1,High Risk
459,4,4977.29,262.0,1244.3225,1,0.7015294413553734,1,High Risk
460,4,5441.71,41.0,1360.4275,1,0.6991958365576979,1,Medium Risk
461,2,2543.55,168.0,1271.775,1,0.7418799079078789,1,High Risk
462,2,3092.89,476.0,1546.445,1,0.7222310260563558,1,High Risk
463,8,15898.84,52.0,1987.355,1,0.5830036352788682,1,Medium Risk
464,3,3958.66,296.0,1319.553333,1,0.7176895895388404,1,High Risk
465,7,10025.31,76.0,1432.187143,0,0.6295443182619113,1,Medium Risk
466,6,7746.01,87.0,1291.001667,1,0.6585730742346957,1,Medium Risk
467,2,4658.56,323.0,2329.28,0,0.6792852702298956,1,Medium Risk
468,3,3037.82,21.0,1012.606667,1,0.7378032793984421,1,High Risk
469,9,9547.36,154.0,1060.817778,1,0.5961092594278559,1,Medium Risk
470,7,10510.79,34.0,1501.541429,1,0.6271462696167674,1,Medium Risk
471,4,4392.43,194.0,1098.1075,1,0.7100550004623015,1,High Risk
472,2,1733.67,745.0,866.835,0,0.75453416157246,1,High Risk
473,2,2303.24,790.0,1151.62,1,0.738942303834316,1,High Risk
474,6,15074.23,33.0,2512.371667,0,0.5992983557340172,1,Medium Risk
475,3,6144.45,277.0,2048.15,1,0.6779698946432362,1,Medium Risk
476,6,8789.01,78.0,1464.835,0,0.6504088235330181,1,Medium Risk
477,1,1353.26,894.0,1353.26,1,0.7456205640998537,1,High Risk
478,3,2607.37,293.0,869.123333,0,0.7409208568911035,1,High Risk
479,10,13097.9,185.0,1309.79,1,0.5613687210436619,1,Medium Risk
480,3,3459.43,123.0,1153.143333,1,0.7290788462616816,1,High Risk
481,7,8793.74,172.0,1256.248571,1,0.6357897012398287,1,Medium Risk
482,3,4144.3,595.0,1381.433333,0,0.7096179034788349,1,High Risk
483,2,3531.99,209.0,1765.995,1,0.714134626616971,1,High Risk
484,1,1775.01,242.0,1775.01,1,0.7315507936708738,1,High Risk
485,4,7588.06,108.0,1897.015,0,0.6697490788400495,1,Medium Risk
486,9,14865.48,57.0,1651.72,1,0.5746272779324693,1,Medium Risk
487,6,10615.28,11.0,1769.213333,1,0.6368274596058853,1,Medium Risk
488,7,10674.03,16.0,1524.861429,0,0.6264094237736635,1,Medium Risk
489,3,8567.0,481.0,2855.666667,0,0.6266513002429364,1,Medium Risk
490,3,5205.82,7.0,1735.273333,1,0.6999723735748974,1,Medium Risk
491,2,5061.7,214.0,2530.85,1,0.6688802723093484,1,Medium Risk
492,4,8994.9,2.0,2248.725,1,0.6523407973980042,1,Medium Risk
493,2,1813.86,710.0,906.93,0,0.75297861413606,1,High Risk
494,2,3286.26,418.0,1643.13,0,0.7177409282134277,1,High Risk
495,6,8206.59,14.0,1367.765,1,0.6561966613731799,1,Medium Risk
496,4,6804.41,150.0,1701.1025,1,0.6795417095641605,1,Medium Risk
497,3,2855.3,99.0,951.766667,0,0.7396901459157542,1,High Risk
498,2,3928.54,385.0,1964.27,1,0.6999026425180672,1,Medium Risk
499,3,1407.21,420.0,469.07,0,0.7586318752253907,1,High Risk
500,3,9130.87,93.0,3043.623333,1,0.6222621059914858,1,Medium Risk
501,6,8789.61,107.0,1464.935,0,0.6498886796877288,1,Medium Risk
502,0,0.0,9999.0,0.0,0,0.70733103426015,1,High Risk
503,3,5917.87,314.0,1972.623333,0,0.6816290902736407,1,Medium Risk
504,4,3599.96,307.0,899.99,0,0.7181411025369017,1,High Risk
505,7,10348.29,129.0,1478.327143,0,0.6264710898032175,1,Medium Risk
506,3,4760.46,213.0,1586.82,0,0.7047034665330146,1,High Risk
507,2,525.56,43.0,262.78,1,0.7933509806845762,1,High Risk
508,6,6159.51,168.0,1026.585,1,0.6696499828612659,1,Medium Risk
509,2,2242.61,236.0,1121.305,1,0.7487889179433915,1,High Risk
510,3,3350.05,279.0,1116.683333,1,0.7285497953469671,1,High Risk
511,1,1852.29,751.0,1852.29,1,0.7191098790897823,1,High Risk
512,9,6735.11,25.0,748.345556,0,0.6106812801448199,1,Medium Risk
513,3,6046.81,51.0,2015.603333,0,0.6836515272580272,1,Medium Risk
514,3,699.02,32.0,233.006667,1,0.7750559673645763,1,High Risk
515,4,3842.65,240.0,960.6625,1,0.7161940549257554,1,High Risk
516,4,9100.91,93.0,2275.2275,1,0.649252621301361,1,Medium Risk
517,5,7017.17,113.0,1403.434,0,0.6746336156130545,1,Medium Risk
518,3,4401.27,60.0,1467.09,0,0.7136099961943115,1,High Risk
519,4,7949.56,248.0,1987.39,1,0.6624022143538026,1,Medium Risk
520,2,4592.99,29.0,2296.495,1,0.686228700694639,1,Medium Risk
521,1,3707.79,632.0,3707.79,1,0.5997894593437821,1,Medium Risk
522,2,5171.22,683.0,2585.61,1,0.6573042103658275,1,Medium Risk
523,2,2918.67,37.0,1459.335,1,0.7338024170356272,1,High Risk
524,2,1899.93,272.0,949.965,1,0.7571008891492177,1,High Risk
525,7,10385.91,31.0,1483.701429,1,0.6280156866692413,1,Medium Risk
526,4,3857.86,563.0,964.465,1,0.7108460146547672,1,High Risk
527,3,3206.57,330.0,1068.856667,0,0.7302258243839986,1,High Risk
528,4,7430.72,65.0,1857.68,1,0.6726128568086146,1,Medium Risk
529,4,6075.35,100.0,1518.8375,1,0.6900030316616538,1,Medium Risk
530,6,11314.33,192.0,1885.721667,1,0.6278046360724812,1,Medium Risk
531,2,1471.93,172.0,735.965,1,0.7692335372430033,1,High Risk
532,5,5366.25,191.0,1073.25,1,0.689641463837612,1,Medium Risk
533,1,1027.62,427.0,1027.62,1,0.7698526519859588,1,High Risk
534,5,9031.54,254.0,1806.308,1,0.6516502870674652,1,Medium Risk
535,4,5636.69,138.0,1409.1725,1,0.6950796793392611,1,Medium Risk
536,11,15432.26,52.0,1402.932727,0,0.5362769810271185,1,Medium Risk
537,3,3125.95,82.0,1041.983333,0,0.7353918753120541,1,High Risk
538,3,2702.33,292.0,900.776667,1,0.7393477994488696,1,High Risk
539,2,1637.48,381.0,818.74,1,0.7621880774057267,1,High Risk
540,0,0.0,9999.0,0.0,0,0.70733103426015,1,High Risk
541,3,6211.75,87.0,2070.583333,1,0.679929923002208,1,Medium Risk
542,3,3398.8,8.0,1132.933333,0,0.7318855572575049,1,High Risk
543,6,6481.75,154.0,1080.291667,1,0.6673722702443794,1,Medium Risk
544,6,7463.08,111.0,1243.846667,0,0.6603942489331173,1,Medium Risk
545,3,3716.96,122.0,1238.986667,1,0.7246487906347311,1,High Risk
546,3,4064.71,394.0,1354.903333,1,0.7142575139324988,1,High Risk
547,10,14098.07,26.0,1409.807,1,0.5608251452868468,1,Medium Risk
548,3,8613.32,191.0,2871.106667,1,0.6309992638361726,1,Medium Risk
549,4,4656.44,82.0,1164.11,1,0.7085319300224738,1,High Risk
550,5,10543.12,161.0,2108.624,0,0.6375172201398814,1,Medium Risk
551,4,5534.22,298.0,1383.555,0,0.6937561941742194,1,Medium Risk
552,4,6812.12,118.0,1703.03,0,0.6799833397842885,1,Medium Risk
553,3,5814.88,272.0,1938.293333,0,0.6842785833527136,1,Medium Risk
554,6,8716.64,28.0,1452.773333,1,0.651876302013684,1,Medium Risk
555,1,1265.13,549.0,1265.13,0,0.7555097345140105,1,High Risk
556,6,6640.08,76.0,1106.68,1,0.6674846217342877,1,Medium Risk
557,1,1427.47,760.0,1427.47,1,0.7434677757733519,1,High Risk
558,2,1353.4,197.0,676.7,1,0.7717932793753799,1,High Risk
559,4,9543.14,20.0,2385.785,1,0.6443807857803785,1,Medium Risk
560,6,11405.34,94.0,1900.89,1,0.6288425567888295,1,Medium Risk
561,4,5118.48,130.0,1279.62,1,0.7018816836043591,1,High Risk
562,2,3175.02,0.0,1587.51,1,0.7273777160321994,1,High Risk
563,4,4297.0,181.0,1074.25,0,0.7114628935089262,1,High Risk
564,6,7962.7,89.0,1327.116667,1,0.6568162803109217,1,Medium Risk
565,5,9687.45,302.0,1937.49,0,0.6439676136211527,1,Medium Risk
566,3,5481.37,36.0,1827.123333,1,0.694436128346448,1,Medium Risk
567,3,4072.52,156.0,1357.506667,1,0.7178997004681801,1,High Risk
568,0,0.0,9999.0,0.0,1,0.70733103426015,1,High Risk
569,4,6290.09,606.0,1572.5225,0,0.6786287462827136,1,Medium Risk
570,6,10210.58,129.0,1701.763333,1,0.6379977045181026,1,Medium Risk
571,7,10419.48,43.0,1488.497143,1,0.627577685378032,1,Medium Risk
572,3,3122.67,118.0,1040.89,1,0.7348997945419704,1,High Risk
573,3,4414.17,334.0,1471.39,1,0.7089838896980477,1,High Risk
574,4,6735.19,176.0,1683.7975,1,0.6800205018510755,1,Medium Risk
575,5,6427.48,204.0,1285.496,1,0.6789633344672342,1,Medium Risk
576,4,4785.53,57.0,1196.3825,0,0.7073043449038505,1,High Risk
577,2,4144.02,541.0,2072.01,1,0.6909958026120978,1,Medium Risk
578,3,4037.12,78.0,1345.706667,0,0.7197534535971603,1,High Risk
579,2,6530.9,79.0,3265.45,1,0.6248122013859055,1,Medium Risk
580,3,4444.1,66.0,1481.366667,1,0.7127523317946673,1,High Risk
581,5,6580.15,119.0,1316.03,0,0.6788925739750207,1,Medium Risk
582,5,6146.96,13.0,1229.392,1,0.6849753004879,1,Medium Risk
583,4,5062.93,51.0,1265.7325,0,0.7038796711199979,1,High Risk
584,6,11898.65,65.0,1983.108333,0,0.6253011952192279,1,Medium Risk
585,2,4494.99,114.0,2247.495,1,0.6877217827255374,1,Medium Risk
586,9,9790.31,122.0,1087.812222,1,0.595654070584336,1,Medium Risk
587,5,6372.44,104.0,1274.488,0,0.6812094138804787,1,Medium Risk
588,6,9386.77,100.0,1564.461667,1,0.6452037771543321,1,Medium Risk
589,5,9724.05,45.0,1944.81,1,0.648176871314828,1,Medium Risk
590,2,3078.16,116.0,1539.08,1,0.728242114497899,1,High Risk
591,6,8911.41,142.0,1485.235,0,0.6482868056195001,1,Medium Risk
592,6,9304.99,29.0,1550.831667,0,0.6471318386454191,1,Medium Risk
593,6,6445.32,167.0,1074.22,1,0.6674322077733919,1,Medium Risk
594,4,8325.84,248.0,2081.46,1,0.657240100438122,1,Medium Risk
595,4,7119.65,66.0,1779.9125,1,0.6767686679740903,1,Medium Risk
596,2,1906.69,212.0,953.345,1,0.7577899341254426,1,High Risk
597,0,0.0,9999.0,0.0,1,0.70733103426015,1,High Risk
598,3,4520.64,76.0,1506.88,1,0.7112274092790506,1,High Risk
599,5,3839.36,263.0,767.872,0,0.7031784504445826,1,High Risk
600,5,6631.05,174.0,1326.21,0,0.677447929121362,1,Medium Risk
601,1,1662.69,141.0,1662.69,1,0.7395000682136598,1,High Risk
602,6,9331.75,215.0,1555.291667,1,0.6435899557363907,1,Medium Risk
603,9,7490.36,135.0,832.262222,0,0.6053805196729168,1,Medium Risk
604,4,4821.48,510.0,1205.37,1,0.6994625405620887,1,Medium Risk
605,8,10405.31,12.0,1300.66375,1,0.6132898635018249,1,Medium Risk
606,5,8463.65,21.0,1692.73,1,0.6615956200341142,1,Medium Risk
607,2,2409.03,284.0,1204.515,1,0.7437108306628334,1,High Risk
608,3,4365.58,104.0,1455.193333,0,0.7135416873974368,1,High Risk
609,4,9021.8,48.0,2255.45,0,0.6511519375215802,1,Medium Risk
610,8,13621.35,172.0,1702.66875,1,0.5930772450389034,1,Medium Risk
611,2,1205.73,456.0,602.865,1,0.7718345550780985,1,High Risk
612,2,3849.55,710.0,1924.775,0,0.6968605961822429,1,Medium Risk
613,4,6073.1,83.0,1518.275,1,0.69031644402869,1,Medium Risk
614,4,3068.72,234.0,767.18,1,0.7258031247259898,1,High Risk
615,5,7698.75,252.0,1539.75,1,0.665357780722167,1,Medium Risk
616,3,3662.67,99.0,1220.89,1,0.7259473282128126,1,High Risk
617,7,14308.84,159.0,2044.12,1,0.5997015740772165,1,Medium Risk
618,8,12862.13,31.0,1607.76625,1,0.5998175437199564,1,Medium Risk
619,8,13832.57,3.0,1729.07125,0,0.5951214102925505,1,Medium Risk
620,4,2488.83,254.0,622.2075,1,0.7324940253317217,1,High Risk
621,2,1909.47,766.0,954.735,1,0.749685246600502,1,High Risk
622,7,10189.47,1.0,1455.638571,1,0.6298422163999902,1,Medium Risk
623,4,9847.82,28.0,2461.955,1,0.6399580346153155,1,Medium Risk
624,8,13155.22,87.0,1644.4025,0,0.5971903662108247,1,Medium Risk
625,4,7742.16,107.0,1935.54,1,0.6676798114691144,1,Medium Risk
626,3,3435.65,21.0,1145.216667,1,0.7310567067955669,1,High Risk
627,0,0.0,9999.0,0.0,1,0.70733103426015,1,High Risk
628,5,7148.81,258.0,1429.762,1,0.6708173172578454,1,Medium Risk
629,5,8803.01,44.0,1760.602,1,0.6577162514399629,1,Medium Risk
630,5,5881.41,458.0,1176.282,1,0.6800673403765438,1,Medium Risk
631,3,4565.99,246.0,1521.996667,1,0.7076769701532719,1,High Risk
632,7,7547.59,32.0,1078.227143,1,0.6463091641019117,1,Medium Risk
633,0,0.0,9999.0,0.0,1,0.70733103426015,1,High Risk
634,5,7527.25,290.0,1505.45,1,0.6664380341715321,1,Medium Risk
635,5,4645.22,13.0,929.044,1,0.6995687749173242,1,Medium Risk
636,4,4156.41,1.0,1039.1025,1,0.7160913111426569,1,High Risk
637,3,5840.58,223.0,1946.86,1,0.6846227398325724,1,Medium Risk
638,3,7367.75,203.0,2455.916667,0,0.6556282111624183,1,Medium Risk
639,6,6486.19,26.0,1081.031667,1,0.6695537369979478,1,Medium Risk
640,5,7013.66,5.0,1402.732,1,0.6765179794235212,1,Medium Risk
641,5,6453.37,292.0,1290.674,1,0.6772047898841309,1,Medium Risk
642,6,4621.07,27.0,770.178333,1,0.6839340636301564,1,Medium Risk
643,3,5846.37,380.0,1948.79,0,0.6818592400967374,1,Medium Risk
644,2,2124.53,286.0,1062.265,1,0.7511256008847862,1,High Risk
645,9,8828.19,32.0,980.91,1,0.6015210058187115,1,Medium Risk
646,7,2834.72,55.0,404.96,1,0.6753749805070662,1,Medium Risk
647,6,7827.48,116.0,1304.58,1,0.6574162112934351,1,Medium Risk
648,2,2215.85,181.0,1107.925,1,0.7502918966251898,1,High Risk
649,6,8232.41,125.0,1372.068333,1,0.6540314721878371,1,Medium Risk
650,6,7724.0,140.0,1287.333333,1,0.6578162898354494,1,Medium Risk
651,4,5387.75,513.0,1346.9375,1,0.6920870388279231,1,Medium Risk
652,6,6320.87,10.0,1053.478333,1,0.6711192531209904,1,Medium Risk
653,4,7449.74,120.0,1862.435,1,0.6714095428595944,1,Medium Risk
654,2,791.2,41.0,395.6,1,0.7872753601695656,1,High Risk
655,4,5178.32,168.0,1294.58,0,0.7004933371865272,1,High Risk
656,6,8224.96,246.0,1370.826667,0,0.6519490342787639,1,Medium Risk
657,5,6380.99,96.0,1276.198,0,0.6812604286322739,1,Medium Risk
658,7,8644.56,118.0,1234.937143,1,0.6377285348022728,1,Medium Risk
659,3,3358.42,48.0,1119.473333,1,0.7319613112900946,1,High Risk
660,5,7404.66,48.0,1480.932,1,0.6718617601957045,1,Medium Risk
661,5,6109.58,102.0,1221.916,0,0.683841824870345,1,Medium Risk
662,8,13306.89,113.0,1663.36125,0,0.5958846842513349,1,Medium Risk
663,4,2013.4,507.0,503.35,1,0.7343110329557475,1,High Risk
664,3,3722.38,254.0,1240.793333,0,0.7224918717944367,1,High Risk
665,6,8380.42,28.0,1396.736667,0,0.6545640945132816,1,Medium Risk
666,6,9171.95,219.0,1528.658333,0,0.6448109265096501,1,Medium Risk
667,1,3046.22,450.0,3046.22,1,0.6486335371071237,1,Medium Risk
668,2,1171.99,198.0,585.995,1,0.7761782419846837,1,High Risk
669,4,3738.5,55.0,934.625,1,0.7204065815774477,1,High Risk
670,3,2048.31,303.0,682.77,0,0.7499957762454952,1,High Risk
671,5,10801.47,46.0,2160.294,1,0.6368693950841131,1,Medium Risk
672,3,5713.38,90.0,1904.46,0,0.6892358238476161,1,Medium Risk
673,3,3380.76,150.0,1126.92,1,0.7300123249706955,1,High Risk
674,3,6461.6,54.0,2153.866667,1,0.6757488707017234,1,Medium Risk
675,3,3376.96,165.0,1125.653333,0,0.7298464459896127,1,High Risk
676,4,8783.81,552.0,2195.9525,1,0.6454910467859878,1,Medium Risk
677,4,5646.68,130.0,1411.67,0,0.695082731743719,1,Medium Risk
678,6,8255.16,86.0,1375.86,1,0.6545390574583932,1,Medium Risk
679,5,5939.68,181.0,1187.936,1,0.6841832043465556,1,Medium Risk
680,3,2304.7,383.0,768.233333,1,0.7446057444672705,1,High Risk
681,6,8364.07,243.0,1394.011667,1,0.650887489872092,1,Medium Risk
682,4,7185.43,80.0,1796.3575,1,0.6756488957759815,1,Medium Risk
683,4,7590.55,116.0,1897.6375,1,0.6695771532454409,1,Medium Risk
684,1,1173.14,351.0,1173.14,1,0.7632703288486418,1,High Risk
685,3,5034.78,714.0,1678.26,0,0.6914280621173297,1,Medium Risk
686,2,4674.99,181.0,2337.495,1,0.6812029285525529,1,Medium Risk
687,0,0.0,9999.0,0.0,1,0.70733103426015,1,High Risk
688,10,20150.07,81.0,2015.007,1,0.5378510230702731,1,Medium Risk
689,3,5316.26,108.0,1772.086667,1,0.6962857485171644,1,Medium Risk
690,5,7929.85,103.0,1585.97,1,0.6656020325230051,1,Medium Risk
691,5,3380.22,33.0,676.044,1,0.7112362017018093,1,High Risk
692,2,4875.43,22.0,2437.715,0,0.6778577251008385,1,Medium Risk
693,4,6057.45,640.0,1514.3625,1,0.6811452941130138,1,Medium Risk
694,6,8352.09,67.0,1392.015,0,0.6541010821442195,1,Medium Risk
695,6,8167.62,2.0,1361.27,0,0.6567182413544765,1,Medium Risk
696,5,9270.8,255.0,1854.16,1,0.6491505221588364,1,Medium Risk
697,6,14921.05,45.0,2486.841667,0,0.6003709028177261,1,Medium Risk
698,2,5540.99,477.0,2770.495,1,0.6493408907417513,1,Medium Risk
699,5,5908.21,79.0,1181.642,0,0.6862117642621266,1,Medium Risk
700,8,16624.27,5.0,2078.03375,0,0.5799469963845757,1,Medium Risk
701,4,7546.59,497.0,1886.6475,1,0.6635588957848262,1,Medium Risk
702,4,5178.59,146.0,1294.6475,1,0.7008503502817993,1,High Risk
703,4,5515.64,155.0,1378.91,1,0.696364770185588,1,Medium Risk
704,2,3230.15,54.0,1615.075,0,0.7250194790833003,1,High Risk
705,5,4695.99,215.0,939.198,1,0.6957515008543198,1,Medium Risk
706,3,3405.72,186.0,1135.24,1,0.729029120407865,1,High Risk
707,6,6316.45,80.0,1052.741667,1,0.6699455668722553,1,Medium Risk
708,4,7203.12,221.0,1800.78,1,0.6729922929086265,1,Medium Risk
709,4,4503.09,16.0,1125.7725,1,0.7115232870334859,1,High Risk
710,3,4663.29,5.0,1554.43,1,0.7098171261431663,1,High Risk
711,2,2537.42,5.0,1268.71,0,0.7444726128628869,1,High Risk
712,7,8707.78,49.0,1243.968571,1,0.6385658573449545,1,Medium Risk
713,2,2589.86,241.0,1294.93,1,0.7395517806947385,1,High Risk
714,2,3684.92,117.0,1842.46,0,0.7112659127124938,1,High Risk
715,6,7001.92,219.0,1166.986667,1,0.6621497063398256,1,Medium Risk
716,2,4289.7,803.0,2144.85,0,0.6822469764468382,1,Medium Risk
717,1,1413.48,895.0,1413.48,1,0.7422376862135075,1,High Risk
718,7,12632.15,84.0,1804.592857,1,0.6122734680954245,1,Medium Risk
719,1,1191.51,282.0,1191.51,1,0.7632698473573671,1,High Risk
720,3,4491.33,37.0,1497.11,0,0.7123752499055305,1,High Risk
721,12,21879.47,32.0,1823.289167,1,0.5002703769770266,1,Medium Risk
722,5,9763.97,131.0,1952.794,1,0.6462269233348744,1,Medium Risk
723,4,4356.95,113.0,1089.2375,0,0.7118011438486062,1,High Risk
724,3,4427.93,310.0,1475.976667,1,0.7091238725960205,1,High Risk
725,3,4399.89,30.0,1466.63,0,0.7141132472018088,1,High Risk
726,4,3876.31,157.0,969.0775,1,0.7170930332679634,1,High Risk
727,3,4231.83,100.0,1410.61,1,0.7159764315940089,1,High Risk
728,4,4647.07,44.0,1161.7675,1,0.7092627495019539,1,High Risk
729,2,870.94,473.0,435.47,0,0.7796755636293465,1,High Risk
730,4,3434.25,18.0,858.5625,1,0.7247138744745293,1,High Risk
731,6,8022.97,257.0,1337.161667,1,0.6533701834703247,1,Medium Risk
732,4,4277.34,60.0,1069.335,0,0.7136451986355826,1,High Risk
733,4,5763.25,115.0,1440.8125,1,0.6938195775523371,1,Medium Risk
734,2,1654.29,113.0,827.145,1,0.7655443379498006,1,High Risk
735,2,1274.29,84.0,637.145,1,0.7752607339802435,1,High Risk
736,3,3106.17,52.0,1035.39,0,0.7361818640616196,1,High Risk
737,5,5337.83,217.0,1067.566,1,0.6894842007461679,1,Medium Risk
738,4,3533.72,5.0,883.43,1,0.7237024261576087,1,High Risk
739,6,11169.74,41.0,1861.623333,1,0.6317448794740064,1,Medium Risk
740,4,3575.43,91.0,893.8575,1,0.7218453680210946,1,High Risk
741,7,7937.12,297.0,1133.874286,1,0.6390583942645854,1,Medium Risk
742,6,13373.57,124.0,2228.928333,1,0.6119343748806194,1,Medium Risk
743,2,5223.58,53.0,2611.79,1,0.6666928009941522,1,Medium Risk
744,2,3993.99,199.0,1996.995,0,0.701048018962399,1,High Risk
745,6,10866.82,82.0,1811.136667,0,0.6334849884536785,1,Medium Risk
746,6,8053.45,463.0,1342.241667,1,0.6494715323080834,1,Medium Risk
747,3,4703.99,81.0,1567.996667,1,0.7078613352226805,1,High Risk
748,5,9113.59,145.0,1822.718,0,0.6527328159119481,1,Medium Risk
749,4,5767.35,453.0,1441.8375,1,0.6881276966222076,1,Medium Risk
750,9,13012.17,58.0,1445.796667,1,0.5827732216080895,1,Medium Risk
751,3,5322.11,544.0,1774.036667,1,0.68892571998091,1,Medium Risk
752,2,3679.82,126.0,1839.91,1,0.7112666916593199,1,High Risk
753,5,5632.61,37.0,1126.522,1,0.6896155976101274,1,Medium Risk
754,5,10471.74,226.0,2094.348,0,0.6370961712839254,1,Medium Risk
755,6,13222.54,44.0,2203.756667,1,0.6146806822461341,1,Medium Risk
756,0,0.0,9999.0,0.0,1,0.70733103426015,1,High Risk
757,5,9445.92,0.0,1889.184,0,0.6518633118504441,1,Medium Risk
758,3,4407.19,377.0,1469.063333,0,0.7084156615466671,1,High Risk
759,3,5468.77,401.0,1822.923333,1,0.6885869353102037,1,Medium Risk
760,2,3567.72,674.0,1783.86,1,0.7056333935691732,1,High Risk
761,3,9276.24,260.0,3092.08,1,0.6162056596522739,1,Medium Risk
762,4,4165.29,10.0,1041.3225,0,0.7158379505670412,1,High Risk
763,4,5928.74,253.0,1482.185,0,0.6893626437904149,1,Medium Risk
764,7,10327.74,424.0,1475.391429,1,0.6211974634107735,1,Medium Risk
765,4,5767.36,85.0,1441.84,1,0.6942639236627933,1,Medium Risk
766,7,12440.2,176.0,1777.171429,1,0.6118389389319192,1,Medium Risk
767,4,8237.35,64.0,2059.3375,0,0.6616828868652247,1,Medium Risk
768,7,6741.51,262.0,963.072857,1,0.6473438967316703,1,Medium Risk
769,3,2257.63,106.0,752.543333,1,0.7494685312920498,1,High Risk
770,6,7697.16,58.0,1282.86,1,0.6594695795746589,1,Medium Risk
771,5,7995.76,149.0,1599.152,0,0.664131264113649,1,Medium Risk
772,3,4303.13,749.0,1434.376667,1,0.7042642632641836,1,High Risk
773,4,4361.5,20.0,1090.375,0,0.7132324401529581,1,High Risk
774,4,3024.96,116.0,756.24,1,0.7281636944241344,1,High Risk
775,6,5845.66,46.0,974.276667,1,0.6741926480629788,1,Medium Risk
776,4,9671.97,28.0,2417.9925,1,0.6424307787024736,1,Medium Risk
777,2,3062.44,435.0,1531.22,1,0.7237178855218469,1,High Risk
778,5,3877.69,22.0,775.538,0,0.7067308183454892,1,High Risk
779,5,7782.27,208.0,1556.454,1,0.6652747428221546,1,Medium Risk
780,2,4457.32,599.0,2228.66,1,0.6806630925062949,1,Medium Risk
781,6,7876.53,62.0,1312.755,1,0.6579762793637931,1,Medium Risk
782,5,9123.13,96.0,1824.626,0,0.6535014895225855,1,Medium Risk
783,2,3227.02,75.0,1613.51,1,0.7247788246871544,1,High Risk
784,4,6857.4,259.0,1714.35,1,0.6769766307979753,1,Medium Risk
785,2,1300.27,278.0,650.135,1,0.7719757489843699,1,High Risk
786,1,4076.01,498.0,4076.01,1,0.5761406906728235,1,Medium Risk
787,5,5147.4,258.0,1029.48,1,0.690657255597331,1,Medium Risk
788,2,6026.48,524.0,3013.24,1,0.6330159172739371,1,Medium Risk
789,7,4852.33,81.0,693.19,1,0.6624548697092795,1,Medium Risk
790,3,7374.19,4.0,2458.063333,0,0.659004011237163,1,Medium Risk
791,6,8958.31,224.0,1493.051667,1,0.6464465336083068,1,Medium Risk
792,8,17142.59,9.0,2142.82375,0,0.5770428271058478,1,Medium Risk
793,5,5786.97,76.0,1157.394,0,0.6874519248809103,1,Medium Risk
794,7,8311.92,42.0,1187.417143,1,0.6412377922621717,1,Medium Risk
795,8,15354.91,117.0,1919.36375,1,0.5847269168751804,1,Medium Risk
796,6,10556.02,142.0,1759.336667,1,0.6349420634942494,1,Medium Risk
797,5,7744.88,128.0,1548.976,1,0.6670440439256912,1,Medium Risk
798,3,4393.96,527.0,1464.653333,1,0.7062278297034997,1,High Risk
799,4,4981.3,174.0,1245.325,1,0.7029157901982486,1,High Risk
800,1,3348.77,460.0,3348.77,1,0.6279496346299135,1,Medium Risk
801,4,4763.64,380.0,1190.91,0,0.7023328036016973,1,High Risk
802,7,9577.53,17.0,1368.218571,0,0.6335251138216277,1,Medium Risk
803,5,9823.19,119.0,1964.638,0,0.6458234734839965,1,Medium Risk
804,1,2045.19,324.0,2045.19,1,0.7143847528317161,1,High Risk
805,8,11489.26,128.0,1436.1575,0,0.6053591223247037,1,Medium Risk
806,9,11701.03,71.0,1300.114444,1,0.5882766622296504,1,Medium Risk
807,3,2526.25,84.0,842.083333,0,0.7453837703410886,1,High Risk
808,4,5620.86,10.0,1405.215,1,0.6973991938351815,1,Medium Risk
809,1,3393.71,124.0,3393.71,1,0.6309947498400623,1,Medium Risk
810,4,5314.43,44.0,1328.6075,0,0.7007803372075259,1,High Risk
811,3,3625.45,62.0,1208.483333,1,0.7271645793045697,1,High Risk
812,7,15334.79,26.0,2190.684286,0,0.5953139817059793,1,Medium Risk
813,2,1938.47,439.0,969.235,1,0.7537032136735555,1,High Risk
814,4,3773.16,396.0,943.29,1,0.7145773632742383,1,High Risk
815,4,4386.59,21.0,1096.6475,1,0.712902693799296,1,High Risk
816,6,9186.24,212.0,1531.04,1,0.6448206761793871,1,Medium Risk
817,4,5218.89,368.0,1304.7225,1,0.6966812052759255,1,Medium Risk
818,3,5532.83,138.0,1844.276667,0,0.6917893724438003,1,Medium Risk
819,5,5954.83,80.0,1190.966,1,0.6857367649656323,1,Medium Risk
820,6,12571.89,554.0,2095.315,1,0.6106745996224465,1,Medium Risk
821,6,10100.7,26.0,1683.45,1,0.6407472140939678,1,Medium Risk
822,6,8694.33,64.0,1449.055,1,0.6514165840284684,1,Medium Risk
823,6,8841.63,380.0,1473.605,0,0.6445999903723135,1,Medium Risk
824,5,5494.08,105.0,1098.816,1,0.6898312352962158,1,Medium Risk
825,5,6719.29,13.0,1343.858,1,0.6793138795692747,1,Medium Risk
826,1,2475.55,692.0,2475.55,1,0.6817174930964877,1,Medium Risk
827,5,3796.81,355.0,759.362,0,0.7020822971381059,1,High Risk
828,5,5101.97,369.0,1020.394,1,0.6892455626799225,1,Medium Risk
829,2,3458.85,97.0,1729.425,1,0.7179748974857165,1,High Risk
830,4,6725.81,113.0,1681.4525,1,0.6812150278043999,1,Medium Risk
831,4,5080.07,17.0,1270.0175,1,0.7042148538175189,1,High Risk
832,0,0.0,9999.0,0.0,1,0.70733103426015,1,High Risk
833,2,2944.38,157.0,1472.19,1,0.7312673887685763,1,High Risk
834,3,3684.13,226.0,1228.043333,1,0.7235959306896932,1,High Risk
835,5,9464.77,105.0,1892.954,1,0.6498037335891623,1,Medium Risk
836,4,7677.99,242.0,1919.4975,1,0.6662082630320189,1,Medium Risk
837,4,4976.14,43.0,1244.035,1,0.7051141155233002,1,High Risk
838,2,1720.14,521.0,860.07,0,0.7581049993938608,1,High Risk
839,3,1161.06,137.0,387.02,1,0.7665094995505277,1,High Risk
840,7,10136.68,12.0,1448.097143,1,0.6299853608297281,1,Medium Risk
841,2,2280.21,374.0,1140.105,1,0.7457686143731578,1,High Risk
842,4,5305.08,12.0,1326.27,1,0.7014239890413333,1,High Risk
843,4,7589.25,146.0,1897.3125,1,0.6690760015934761,1,Medium Risk
844,3,6593.61,509.0,2197.87,0,0.665361131065627,1,Medium Risk
845,3,4659.07,206.0,1553.023333,1,0.7066480969885738,1,High Risk
846,2,5189.68,569.0,2594.84,0,0.6587325819957058,1,Medium Risk
847,2,2371.84,444.0,1185.92,1,0.7423083265042136,1,High Risk
848,5,4827.7,285.0,965.54,1,0.6933164385273812,1,Medium Risk
849,3,3736.15,368.0,1245.383333,1,0.7204615900058177,1,High Risk
850,6,4062.51,23.0,677.085,0,0.6882466923526677,1,Medium Risk
851,4,7672.17,344.0,1918.0425,0,0.6645131838681891,1,Medium Risk
852,5,7362.83,115.0,1472.566,1,0.6711280871713124,1,Medium Risk
853,3,2138.84,130.0,712.946667,1,0.7510525321915141,1,High Risk
854,5,9734.76,297.0,1946.952,0,0.6435622038654719,1,Medium Risk
855,6,11255.39,159.0,1875.898333,1,0.6288924389642156,1,Medium Risk
856,3,3526.4,415.0,1175.466667,0,0.7233857099252208,1,High Risk
857,5,11125.67,242.0,2225.134,1,0.6298792122254202,1,Medium Risk
858,3,5173.89,84.0,1724.63,1,0.6992916502820278,1,Medium Risk
859,9,11938.55,6.0,1326.505556,1,0.5884670183933253,1,Medium Risk
860,5,11007.22,258.0,2201.444,0,0.6308471204920374,1,Medium Risk
861,5,8994.58,30.0,1798.916,0,0.6559928255704909,1,Medium Risk
862,3,6760.47,148.0,2253.49,1,0.6684033409895028,1,Medium Risk
863,3,4990.04,54.0,1663.346667,1,0.7031319301824898,1,High Risk
864,2,3105.0,408.0,1552.5,1,0.7229594480103619,1,High Risk
865,2,1905.56,272.0,952.78,1,0.7569573490235192,1,High Risk
866,7,10684.44,17.0,1526.348571,1,0.6263231422310191,1,Medium Risk
867,4,3720.87,67.0,930.2175,0,0.7204347920433668,1,High Risk
868,6,9171.59,117.0,1528.598333,0,0.6466367943882211,1,Medium Risk
869,6,9119.6,288.0,1519.933333,1,0.6439990244932777,1,Medium Risk
870,2,1454.13,3.0,727.065,1,0.7720034952794376,1,High Risk
871,2,3530.75,83.0,1765.375,0,0.7161748844956939,1,High Risk
872,3,4821.08,169.0,1607.026667,1,0.7043217845380609,1,High Risk
873,6,8759.94,75.0,1459.99,1,0.6506953271158563,1,Medium Risk
874,7,7016.83,82.0,1002.404286,0,0.6487985814280713,1,Medium Risk
875,3,3064.73,291.0,1021.576667,1,0.7332448722269866,1,High Risk
876,5,4775.17,148.0,955.034,0,0.6960947297580301,1,Medium Risk
877,3,7510.14,1.0,2503.38,0,0.6563955195316942,1,Medium Risk
878,2,621.6,0.0,310.8,0,0.791714495148179,1,High Risk
879,7,8177.05,5.0,1168.15,1,0.6427673290972808,1,Medium Risk
880,3,5224.53,271.0,1741.51,1,0.6952785533143091,1,Medium Risk
881,2,2955.72,228.0,1477.86,1,0.7298661504820319,1,High Risk
882,5,8506.66,82.0,1701.332,1,0.6600877087424575,1,Medium Risk
883,5,7795.53,151.0,1559.106,1,0.6661311217416588,1,Medium Risk
884,4,2142.92,9.0,535.73,0,0.7403130324451384,1,High Risk
885,1,89.28,694.0,89.28,1,0.8118550213191483,1,High Risk
886,6,10261.31,35.0,1710.218333,1,0.6392793228413864,1,Medium Risk
887,1,1189.9,457.0,1189.9,1,0.7608766211806235,1,High Risk
888,5,8071.84,91.0,1614.368,0,0.6643677262499633,1,Medium Risk
889,7,7404.57,49.0,1057.795714,0,0.6469178229738867,1,Medium Risk
890,2,1872.03,765.0,936.015,1,0.7506724729311848,1,High Risk
891,5,2944.71,130.0,588.942,1,0.7137539607266782,1,High Risk
892,5,6323.14,255.0,1264.628,1,0.6791324377068256,1,Medium Risk
893,6,11754.8,200.0,1959.133333,0,0.6240186328501451,1,Medium Risk
894,5,5682.44,77.0,1136.488,1,0.688458915877692,1,Medium Risk
895,5,4567.73,47.0,913.546,1,0.6997534969257064,1,Medium Risk
896,4,8039.34,322.0,2009.835,0,0.6598776593371644,1,Medium Risk
897,6,5862.73,190.0,977.121667,1,0.6715838320950608,1,Medium Risk
898,5,6009.98,75.0,1201.996,1,0.6852785413836867,1,Medium Risk
899,3,4287.75,11.0,1429.25,1,0.7164014160682678,1,High Risk
900,2,2398.24,137.0,1199.12,1,0.746177042140201,1,High Risk
901,3,2946.45,22.0,982.15,1,0.7393222170852011,1,High Risk
902,5,3315.38,271.0,663.076,1,0.7080144107321499,1,High Risk
903,5,4235.26,282.0,847.052,1,0.699082614495964,1,Medium Risk
904,4,2043.17,433.0,510.7925,1,0.7350832310953836,1,High Risk
905,7,10577.97,14.0,1511.138571,1,0.6270731838213828,1,Medium Risk
906,4,5053.48,261.0,1263.37,1,0.7005698486449122,1,High Risk
907,6,6041.77,43.0,1006.961667,1,0.6727222076831777,1,Medium Risk
908,6,7301.55,154.0,1216.925,0,0.660919107602364,1,Medium Risk
909,5,6261.23,238.0,1252.246,0,0.6800366693744829,1,Medium Risk
910,4,7744.96,6.0,1936.24,1,0.669390412457411,1,Medium Risk
911,4,7119.62,233.0,1779.905,0,0.6739084779751425,1,Medium Risk
912,6,9948.49,16.0,1658.081667,1,0.6421623096209856,1,Medium Risk
913,1,876.86,579.0,876.86,1,0.775540741549717,1,High Risk
914,5,4953.44,252.0,990.688,0,0.6926444441405077,1,Medium Risk
915,4,5911.23,122.0,1477.8075,0,0.6917782308609728,1,Medium Risk
916,2,4024.07,397.0,2012.035,1,0.6969160810698335,1,Medium Risk
917,2,3367.62,237.0,1683.81,1,0.7183206188316779,1,High Risk
918,5,5555.38,225.0,1111.076,1,0.6872209380953342,1,Medium Risk
919,5,5355.42,149.0,1071.084,1,0.690448943650793,1,Medium Risk
920,3,3561.45,157.0,1187.15,1,0.7267960013618333,1,High Risk
921,2,1688.12,232.0,844.06,1,0.763024713927594,1,High Risk
922,5,5483.28,543.0,1096.656,1,0.6825692844693082,1,Medium Risk
923,3,4975.37,70.0,1658.456667,1,0.7031372680160644,1,High Risk
924,2,3644.48,22.0,1822.24,0,0.7139339052627265,1,High Risk
925,0,0.0,9999.0,0.0,0,0.70733103426015,1,High Risk
926,3,3857.07,158.0,1285.69,1,0.7216466999683434,1,High Risk
927,6,9752.6,1.0,1625.433333,0,0.6440180111242229,1,Medium Risk
928,2,1379.47,439.0,689.735,1,0.767802643821545,1,High Risk
929,4,6585.72,239.0,1646.43,1,0.6809367107347243,1,Medium Risk
930,5,9094.91,7.0,1818.982,0,0.6553650979788759,1,Medium Risk
931,1,272.6,489.0,272.6,1,0.806012152600366,1,High Risk
932,5,8512.65,0.0,1702.53,1,0.6614624185695903,1,Medium Risk
933,2,2822.84,439.0,1411.42,1,0.730247350475722,1,High Risk
934,1,2391.63,179.0,2391.63,1,0.6955915488973361,1,Medium Risk
935,5,7949.27,115.0,1589.854,1,0.6651960444623747,1,Medium Risk
936,6,7743.34,27.0,1290.556667,0,0.6596474488355556,1,Medium Risk
937,5,8814.48,41.0,1762.896,1,0.6576512055544274,1,Medium Risk
938,4,4099.04,136.0,1024.76,1,0.7146577997679928,1,High Risk
939,4,2853.27,124.0,713.3175,0,0.7301127401215214,1,High Risk
940,6,9565.34,53.0,1594.223333,1,0.6446015002642986,1,Medium Risk
941,6,7550.2,21.0,1258.366667,1,0.6612810712227991,1,Medium Risk
942,3,6398.68,6.0,2132.893333,1,0.6777660105369523,1,Medium Risk
943,4,7866.22,141.0,1966.555,1,0.6654040827207816,1,Medium Risk
944,3,7804.01,179.0,2601.336667,1,0.6474419410296745,1,Medium Risk
945,4,4981.35,117.0,1245.3375,0,0.7038442352140308,1,High Risk
946,7,9371.54,3.0,1338.791429,1,0.635112419863097,1,Medium Risk
947,3,3112.42,177.0,1037.473333,0,0.7341747902153567,1,High Risk
948,7,9761.25,4.0,1394.464286,1,0.6325698737199809,1,Medium Risk
949,13,16746.43,20.0,1288.186923,1,0.49069281734781217,0,Medium Risk
950,5,3469.03,159.0,693.806,1,0.7083740008537783,1,High Risk
951,1,2309.19,853.0,2309.19,1,0.689533609194264,1,Medium Risk
952,3,2480.73,40.0,826.91,1,0.7467847898518075,1,High Risk
953,5,5073.39,17.0,1014.678,1,0.6953810791763095,1,Medium Risk
954,2,3324.33,8.0,1662.165,1,0.7231293346688321,1,High Risk
955,3,2394.28,323.0,798.093333,1,0.7440154773675028,1,High Risk
956,1,512.0,305.0,512.0,0,0.7971202992792297,1,High Risk
957,3,2148.35,33.0,716.116667,0,0.7523126828732181,1,High Risk
958,4,1676.53,176.0,419.1325,1,0.7432740153651092,1,High Risk
959,1,945.39,767.0,945.39,1,0.7694235257010078,1,High Risk
960,9,9855.22,173.0,1095.024444,1,0.5944113148869529,1,Medium Risk
961,3,2307.71,414.0,769.236667,0,0.7440950758738663,1,High Risk
962,6,9206.79,201.0,1534.465,1,0.6448513994184667,1,Medium Risk
963,3,2284.22,325.0,761.406667,1,0.745804230163839,1,High Risk
964,5,6777.07,161.0,1355.414,0,0.6762129287785896,1,Medium Risk
965,6,11742.25,43.0,1957.041667,0,0.6269955619401107,1,Medium Risk
966,6,8184.07,108.0,1364.011667,0,0.6547176843305698,1,Medium Risk
967,4,6126.9,21.0,1531.725,1,0.6906488673880299,1,Medium Risk
968,3,3408.78,222.0,1136.26,1,0.7284205345901603,1,High Risk
969,8,14273.36,117.0,1784.17,1,0.5905909795288564,1,Medium Risk
970,2,2277.84,95.0,1138.92,0,0.7499406746180826,1,High Risk
971,7,11416.96,85.0,1630.994286,0,0.6202754206183826,1,Medium Risk
972,4,2511.6,110.0,627.9,0,0.734421284359448,1,High Risk
973,2,1154.82,4.0,577.41,1,0.7792099640217972,1,High Risk
974,2,4231.33,37.0,2115.665,1,0.696788573052715,1,Medium Risk
975,3,5871.19,151.0,1957.063333,1,0.6852622353141022,1,Medium Risk
976,3,5000.82,45.0,1666.94,0,0.7030830400860562,1,High Risk
977,1,1165.74,144.0,1165.74,1,0.7665689369287352,1,High Risk
978,5,8913.48,50.0,1782.696,1,0.6564750280057593,1,Medium Risk
979,6,6460.63,64.0,1076.771667,1,0.6690963131337162,1,Medium Risk
980,5,11025.41,6.0,2205.082,1,0.6352277188944199,1,Medium Risk
981,5,6517.74,242.0,1303.548,0,0.6774166861520158,1,Medium Risk
982,5,4823.01,15.0,964.602,1,0.6978283095595373,1,Medium Risk
983,5,10349.39,58.0,2069.878,1,0.6414101090119038,1,Medium Risk
984,5,8399.78,61.0,1679.956,0,0.6615483627499401,1,Medium Risk
985,7,8785.52,48.0,1255.074286,1,0.6380829653573629,1,Medium Risk
986,2,2584.63,626.0,1292.315,0,0.7338583020017536,1,High Risk
987,2,3534.01,223.0,1767.005,1,0.7138540995683125,1,High Risk
988,3,7001.2,150.0,2333.733333,1,0.6637129188674669,1,Medium Risk
989,5,5014.8,252.0,1002.96,0,0.6920481613481344,1,Medium Risk
990,4,7291.32,213.0,1822.83,0,0.6719425897773591,1,Medium Risk
991,5,4847.87,457.0,969.574,1,0.6902551367585733,1,Medium Risk
992,4,7038.14,41.0,1759.535,1,0.6782838727760575,1,Medium Risk
993,3,5322.62,19.0,1774.206667,0,0.6976374883071539,1,Medium Risk
994,2,3897.91,43.0,1948.955,1,0.7063658420142976,1,High Risk
995,3,3161.39,138.0,1053.796667,1,0.7339383589637973,1,High Risk
996,7,11129.56,141.0,1589.937143,0,0.6211339260697043,1,Medium Risk
997,7,9343.07,104.0,1334.724286,1,0.6334663899187816,1,Medium Risk
998,7,14009.87,141.0,2001.41,1,0.6020400323904864,1,Medium Risk
999,5,11366.05,504.0,2273.21,1,0.6225211714834108,1,Medium Risk
1000,5,4764.9,1.0,952.98,1,0.6986173856542855,1,Medium Risk
