customer_id,name,email,country,signup_date
1,Riya Reddy,customer1@example.com,Germany,2023-01-26
2,Diya Patel,customer2@example.com,USA,2023-08-17
3,Rohan Reddy,customer3@example.com,Germany,2024-11-23
4,Vikram Joshi,customer4@example.com,Australia,2023-03-31
5,Kavya Sharma,customer5@example.com,India,2023-01-31
6,Ananya Patel,customer6@example.com,Australia,2024-06-01
7,Aarav Joshi,customer7@example.com,Germany,2023-07-23
8,Riya Joshi,customer8@example.com,USA,2024-03-05
9,Meera Nair,customer9@example.com,India,2023-10-12
10,Sneha Kumar,customer10@example.com,UK,2024-03-08
11,Diya Kumar,customer11@example.com,UK,2023-08-09
12,Aditya Reddy,customer12@example.com,India,2024-01-25
13,Ishaan Gupta,customer13@example.com,UK,2024-09-10
14,Sneha Sharma,customer14@example.com,Australia,2024-04-15
15,Aditya Rao,customer15@example.com,Australia,2023-03-22
16,Diya Nair,customer16@example.com,Australia,2024-01-06
17,Ananya Reddy,customer17@example.com,Germany,2023-02-16
18,Ananya Singh,customer18@example.com,USA,2023-03-23
19,Varun Reddy,customer19@example.com,UK,2024-01-25
20,Meera Gupta,customer20@example.com,UK,2023-06-16
21,Ishaan Patel,customer21@example.com,UK,2024-11-17
22,Rohan Reddy,customer22@example.com,Germany,2024-09-15
23,Arjun Joshi,customer23@example.com,USA,2023-09-08
24,Meera Rao,customer24@example.com,Germany,2023-10-04
25,Rohan Joshi,customer25@example.com,Germany,2023-08-13
26,Ishaan Sharma,customer26@example.com,India,2023-08-23
27,Sneha Gupta,customer27@example.com,UK,2024-02-15
28,Aditya Patel,customer28@example.com,Germany,2024-08-03
29,Ishaan Patel,customer29@example.com,Canada,2024-11-02
30,Kavya Verma,customer30@example.com,UK,2023-05-27
31,Arjun Patel,customer31@example.com,Australia,2024-07-28
32,Diya Nair,customer32@example.com,Australia,2024-03-14
33,Kavya Gupta,customer33@example.com,USA,2023-08-13
34,Neha Verma,customer34@example.com,India,2023-04-04
35,Varun Reddy,customer35@example.com,Germany,2023-06-06
36,Arjun Rao,customer36@example.com,India,2024-09-02
37,Kavya Rao,customer37@example.com,Canada,2024-09-02
38,Neha Singh,customer38@example.com,India,2024-07-20
39,Riya Reddy,customer39@example.com,Australia,2024-11-29
40,Sneha Singh,customer40@example.com,UK,2024-10-18
41,Aditya Singh,customer41@example.com,USA,2024-03-21
42,Meera Sharma,customer42@example.com,Australia,2023-09-27
43,Sneha Kumar,customer43@example.com,India,2024-06-03
44,Varun Singh,customer44@example.com,Australia,2024-10-16
45,Rahul Patel,customer45@example.com,UK,2023-06-06
46,Sneha Kumar,customer46@example.com,Australia,2024-07-06
47,Vikram Sharma,customer47@example.com,UK,2024-09-05
48,Meera Sharma,customer48@example.com,UK,2023-04-25
49,Vikram Singh,customer49@example.com,India,2023-09-03
50,Ananya Nair,customer50@example.com,India,2023-03-22
51,Rohan Verma,customer51@example.com,Australia,2023-03-12
52,Sneha Kumar,customer52@example.com,Germany,2023-05-12
53,Meera Joshi,customer53@example.com,UK,2023-06-19
54,Neha Nair,customer54@example.com,USA,2024-03-09
55,Vikram Joshi,customer55@example.com,Germany,2023-07-25
56,Diya Rao,customer56@example.com,Germany,2024-11-18
57,Ishaan Verma,customer57@example.com,Canada,2024-06-13
58,Aditya Patel,customer58@example.com,India,2023-08-19
59,Ishaan Sharma,customer59@example.com,Australia,2024-08-25
60,Ananya Nair,customer60@example.com,India,2023-08-14
61,Aditya Sharma,customer61@example.com,India,2023-08-23
62,Vikram Sharma,customer62@example.com,India,2023-12-05
63,Neha Patel,customer63@example.com,Germany,2023-10-13
64,Meera Patel,customer64@example.com,USA,2024-07-06
65,Rohan Nair,customer65@example.com,Canada,2024-08-13
66,Ananya Verma,customer66@example.com,USA,2024-02-21
67,Aditya Reddy,customer67@example.com,Canada,2024-11-05
68,Ishaan Rao,customer68@example.com,Canada,2024-02-25
69,Varun Sharma,customer69@example.com,Germany,2024-11-20
70,Riya Reddy,customer70@example.com,Canada,2023-03-04
71,Rohan Gupta,customer71@example.com,USA,2023-04-22
72,Ananya Patel,customer72@example.com,Canada,2024-07-03
73,Arjun Rao,customer73@example.com,UK,2023-07-07
74,Meera Patel,customer74@example.com,Canada,2023-03-19
75,Sneha Joshi,customer75@example.com,India,2023-04-11
76,Riya Joshi,customer76@example.com,India,2023-01-16
77,Vikram Patel,customer77@example.com,Canada,2023-06-20
78,Meera Verma,customer78@example.com,Canada,2023-08-07
79,Vikram Sharma,customer79@example.com,Canada,2023-06-18
80,Aarav Rao,customer80@example.com,Canada,2023-09-29
81,Diya Rao,customer81@example.com,Germany,2024-07-23
82,Rohan Verma,customer82@example.com,USA,2023-06-08
83,Diya Patel,customer83@example.com,Australia,2023-03-01
84,Rohan Joshi,customer84@example.com,Germany,2023-03-04
85,Ishaan Sharma,customer85@example.com,Australia,2023-02-21
86,Meera Joshi,customer86@example.com,USA,2024-06-27
87,Aarav Joshi,customer87@example.com,USA,2023-03-24
88,Aditya Nair,customer88@example.com,Germany,2023-03-11
89,Varun Patel,customer89@example.com,India,2024-02-18
90,Vikram Nair,customer90@example.com,Australia,2023-09-10
91,Rahul Sharma,customer91@example.com,India,2024-09-26
92,Kavya Nair,customer92@example.com,Australia,2024-08-01
93,Ishaan Singh,customer93@example.com,Germany,2023-07-29
94,Rohan Gupta,customer94@example.com,UK,2023-09-02
95,Kavya Kumar,customer95@example.com,Germany,2024-11-18
96,Diya Verma,customer96@example.com,India,2023-11-20
97,Aarav Verma,customer97@example.com,Australia,2024-09-28
98,Aditya Reddy,customer98@example.com,USA,2024-07-04
99,Neha Singh,customer99@example.com,UK,2023-05-16
100,Vikram Reddy,customer100@example.com,UK,2023-09-08
101,Diya Kumar,customer101@example.com,Australia,2024-03-24
102,Rohan Singh,customer102@example.com,Germany,2024-09-18
103,Neha Sharma,customer103@example.com,Australia,2024-11-14
104,Diya Reddy,customer104@example.com,UK,2023-05-18
105,Aditya Reddy,customer105@example.com,USA,2024-07-20
106,Diya Singh,customer106@example.com,USA,2024-09-11
107,Rohan Gupta,customer107@example.com,Germany,2023-07-28
108,Riya Singh,customer108@example.com,Canada,2024-06-01
109,Diya Sharma,customer109@example.com,Germany,2023-04-05
110,Kavya Singh,customer110@example.com,India,2023-02-15
111,Ishaan Kumar,customer111@example.com,UK,2024-10-14
112,Arjun Verma,customer112@example.com,Germany,2024-07-18
113,Kavya Joshi,customer113@example.com,India,2023-01-10
114,Aditya Kumar,customer114@example.com,India,2024-07-12
115,Varun Gupta,customer115@example.com,Australia,2024-08-19
116,Arjun Rao,customer116@example.com,India,2023-05-11
117,Diya Gupta,customer117@example.com,UK,2023-02-10
118,Ananya Patel,customer118@example.com,India,2024-11-13
119,Ishaan Joshi,customer119@example.com,Australia,2024-02-21
120,Rohan Kumar,customer120@example.com,USA,2023-08-31
121,Sneha Kumar,customer121@example.com,India,2024-02-27
122,Arjun Gupta,customer122@example.com,Germany,2024-02-26
123,Varun Patel,customer123@example.com,USA,2023-10-01
124,Sneha Reddy,customer124@example.com,India,2024-01-27
125,Varun Verma,customer125@example.com,USA,2023-08-16
126,Varun Verma,customer126@example.com,UK,2023-12-25
127,Varun Patel,customer127@example.com,India,2023-08-17
128,Riya Patel,customer128@example.com,UK,2024-02-13
129,Diya Reddy,customer129@example.com,UK,2023-10-13
130,Riya Joshi,customer130@example.com,Germany,2024-02-14
131,Varun Joshi,customer131@example.com,India,2023-12-06
132,Aditya Singh,customer132@example.com,Australia,2023-07-02
133,Diya Sharma,customer133@example.com,Australia,2023-04-22
134,Kavya Gupta,customer134@example.com,Canada,2023-11-18
135,Rahul Joshi,customer135@example.com,Canada,2023-04-29
136,Vikram Nair,customer136@example.com,UK,2023-07-14
137,Aarav Rao,customer137@example.com,Australia,2023-01-02
138,Vikram Joshi,customer138@example.com,USA,2024-11-17
139,Ishaan Rao,customer139@example.com,Germany,2023-03-13
140,Vikram Gupta,customer140@example.com,UK,2024-09-30
141,Riya Reddy,customer141@example.com,Australia,2023-11-04
142,Diya Rao,customer142@example.com,Canada,2023-12-01
143,Rohan Singh,customer143@example.com,USA,2024-07-21
144,Ananya Rao,customer144@example.com,Canada,2024-11-11
145,Riya Kumar,customer145@example.com,Australia,2024-09-22
146,Diya Rao,customer146@example.com,India,2024-07-15
147,Diya Singh,customer147@example.com,Canada,2023-08-04
148,Sneha Nair,customer148@example.com,Germany,2024-09-13
149,Ishaan Verma,customer149@example.com,Canada,2024-03-28
150,Riya Patel,customer150@example.com,Canada,2024-06-07
151,Sneha Kumar,customer151@example.com,India,2024-11-05
152,Diya Joshi,customer152@example.com,Germany,2024-11-10
153,Rahul Gupta,customer153@example.com,USA,2023-04-06
154,Riya Singh,customer154@example.com,USA,2023-08-19
155,Arjun Sharma,customer155@example.com,USA,2023-02-17
156,Meera Nair,customer156@example.com,Canada,2023-03-16
157,Kavya Nair,customer157@example.com,Germany,2023-07-19
158,Rohan Rao,customer158@example.com,Canada,2024-05-21
159,Ananya Kumar,customer159@example.com,Germany,2024-11-02
160,Aarav Reddy,customer160@example.com,USA,2024-03-11
161,Arjun Joshi,customer161@example.com,India,2024-04-20
162,Neha Patel,customer162@example.com,Canada,2023-05-05
163,Arjun Verma,customer163@example.com,Australia,2024-11-14
164,Neha Nair,customer164@example.com,Canada,2023-11-21
165,Rahul Joshi,customer165@example.com,Australia,2024-03-12
166,Meera Kumar,customer166@example.com,Canada,2024-05-01
167,Diya Patel,customer167@example.com,UK,2024-10-14
168,Sneha Joshi,customer168@example.com,Germany,2024-05-11
169,Ananya Singh,customer169@example.com,India,2024-03-26
170,Rohan Singh,customer170@example.com,UK,2023-08-29
171,Ishaan Gupta,customer171@example.com,India,2024-07-07
172,Arjun Kumar,customer172@example.com,Canada,2023-08-25
173,Rohan Kumar,customer173@example.com,India,2023-08-08
174,Kavya Rao,customer174@example.com,Australia,2023-12-05
175,Meera Rao,customer175@example.com,USA,2023-03-05
176,Varun Rao,customer176@example.com,Australia,2024-02-03
177,Rohan Sharma,customer177@example.com,Canada,2024-08-12
178,Meera Sharma,customer178@example.com,UK,2023-12-27
179,Sneha Rao,customer179@example.com,Australia,2024-03-05
180,Rohan Joshi,customer180@example.com,USA,2024-09-09
181,Meera Patel,customer181@example.com,Canada,2023-10-07
182,Meera Sharma,customer182@example.com,UK,2024-02-03
183,Riya Rao,customer183@example.com,Canada,2023-06-19
184,Vikram Kumar,customer184@example.com,Australia,2024-09-29
185,Aarav Rao,customer185@example.com,Australia,2024-08-29
186,Riya Sharma,customer186@example.com,Germany,2023-03-27
187,Kavya Kumar,customer187@example.com,USA,2024-04-17
188,Aarav Singh,customer188@example.com,UK,2024-01-24
189,Ananya Verma,customer189@example.com,UK,2023-12-01
190,Sneha Rao,customer190@example.com,Canada,2023-10-12
191,Diya Reddy,customer191@example.com,India,2024-04-26
192,Rohan Joshi,customer192@example.com,UK,2023-02-23
193,Ananya Reddy,customer193@example.com,India,2024-10-29
194,Sneha Sharma,customer194@example.com,USA,2023-09-11
195,Varun Sharma,customer195@example.com,USA,2024-09-28
196,Ananya Kumar,customer196@example.com,Germany,2024-04-29
197,Aditya Nair,customer197@example.com,Canada,2023-08-12
198,Rohan Singh,customer198@example.com,USA,2024-01-13
199,Rahul Nair,customer199@example.com,USA,2023-04-28
200,Diya Reddy,customer200@example.com,India,2024-08-15
201,Vikram Singh,customer201@example.com,Germany,2024-08-12
202,Vikram Rao,customer202@example.com,Germany,2024-02-11
203,Ananya Reddy,customer203@example.com,Germany,2024-08-29
204,Varun Patel,customer204@example.com,Germany,2023-04-15
205,Sneha Singh,customer205@example.com,Australia,2024-12-01
206,Sneha Reddy,customer206@example.com,India,2024-08-02
207,Ishaan Joshi,customer207@example.com,Germany,2024-03-14
208,Ishaan Reddy,customer208@example.com,Germany,2024-06-02
209,Ishaan Sharma,customer209@example.com,Canada,2024-03-06
210,Aditya Rao,customer210@example.com,Germany,2024-01-06
211,Vikram Verma,customer211@example.com,Canada,2023-06-06
212,Arjun Joshi,customer212@example.com,UK,2024-10-28
213,Rahul Joshi,customer213@example.com,Canada,2024-05-10
214,Kavya Nair,customer214@example.com,UK,2023-10-02
215,Varun Patel,customer215@example.com,UK,2023-03-30
216,Vikram Verma,customer216@example.com,Canada,2023-09-07
217,Rahul Nair,customer217@example.com,Canada,2024-11-15
218,Ishaan Sharma,customer218@example.com,UK,2024-05-21
219,Arjun Verma,customer219@example.com,UK,2023-08-06
220,Sneha Singh,customer220@example.com,UK,2023-12-15
221,Vikram Nair,customer221@example.com,Australia,2023-10-10
222,Aarav Joshi,customer222@example.com,India,2023-07-15
223,Ananya Rao,customer223@example.com,Australia,2024-05-15
224,Sneha Patel,customer224@example.com,Germany,2024-05-02
225,Rohan Verma,customer225@example.com,India,2024-04-03
226,Aditya Singh,customer226@example.com,Canada,2023-08-15
227,Rohan Patel,customer227@example.com,Germany,2023-11-10
228,Rahul Gupta,customer228@example.com,Australia,2024-04-29
229,Neha Gupta,customer229@example.com,Germany,2024-03-11
230,Neha Gupta,customer230@example.com,Germany,2023-12-27
231,Meera Singh,customer231@example.com,UK,2023-11-10
232,Ananya Reddy,customer232@example.com,UK,2023-07-17
233,Aditya Joshi,customer233@example.com,USA,2023-07-09
234,Ananya Verma,customer234@example.com,Germany,2023-10-11
235,Rahul Joshi,customer235@example.com,UK,2024-09-03
236,Aditya Patel,customer236@example.com,USA,2023-10-31
237,Ishaan Kumar,customer237@example.com,India,2023-11-06
238,Rohan Joshi,customer238@example.com,UK,2023-05-10
239,Aarav Sharma,customer239@example.com,UK,2024-07-20
240,Rohan Kumar,customer240@example.com,Canada,2024-10-15
241,Aditya Sharma,customer241@example.com,UK,2024-08-10
242,Meera Verma,customer242@example.com,UK,2024-03-27
243,Arjun Sharma,customer243@example.com,Canada,2023-09-16
244,Aditya Reddy,customer244@example.com,Canada,2024-02-15
245,Aditya Nair,customer245@example.com,Germany,2024-10-06
246,Aarav Kumar,customer246@example.com,Australia,2023-06-02
247,Diya Reddy,customer247@example.com,India,2023-09-12
248,Neha Rao,customer248@example.com,Australia,2024-09-12
249,Sneha Nair,customer249@example.com,Australia,2023-08-20
250,Kavya Verma,customer250@example.com,UK,2024-03-29
251,Varun Nair,customer251@example.com,UK,2024-03-15
252,Rahul Nair,customer252@example.com,Australia,2023-03-03
253,Rohan Reddy,customer253@example.com,Germany,2023-08-01
254,Ananya Singh,customer254@example.com,India,2024-11-07
255,Arjun Patel,customer255@example.com,Australia,2023-06-27
256,Aditya Kumar,customer256@example.com,Canada,2023-01-03
257,Meera Nair,customer257@example.com,UK,2024-04-26
258,Aarav Patel,customer258@example.com,Germany,2023-10-23
259,Diya Verma,customer259@example.com,Germany,2023-03-14
260,Ananya Singh,customer260@example.com,Australia,2024-10-02
261,Riya Patel,customer261@example.com,India,2024-03-11
262,Neha Patel,customer262@example.com,USA,2024-10-25
263,Vikram Singh,customer263@example.com,India,2023-05-26
264,Aarav Kumar,customer264@example.com,Australia,2023-11-11
265,Rohan Nair,customer265@example.com,Canada,2023-10-23
266,Aditya Verma,customer266@example.com,Germany,2023-11-08
267,Kavya Singh,customer267@example.com,Australia,2024-05-27
268,Meera Verma,customer268@example.com,Australia,2023-03-24
269,Aarav Rao,customer269@example.com,Australia,2023-11-27
270,Diya Sharma,customer270@example.com,USA,2023-04-04
271,Riya Nair,customer271@example.com,India,2024-08-24
272,Sneha Singh,customer272@example.com,India,2024-08-13
273,Sneha Kumar,customer273@example.com,Australia,2024-04-26
274,Riya Verma,customer274@example.com,USA,2023-10-12
275,Rahul Rao,customer275@example.com,Canada,2024-10-12
276,Aditya Verma,customer276@example.com,Canada,2023-12-23
277,Ishaan Gupta,customer277@example.com,India,2024-11-17
278,Varun Kumar,customer278@example.com,Canada,2023-12-04
279,Rohan Verma,customer279@example.com,Germany,2023-10-23
280,Kavya Joshi,customer280@example.com,Canada,2023-02-07
281,Aditya Gupta,customer281@example.com,UK,2023-09-16
282,Aditya Rao,customer282@example.com,India,2024-06-10
283,Riya Joshi,customer283@example.com,Canada,2024-04-18
284,Aarav Patel,customer284@example.com,UK,2024-06-14
285,Rahul Verma,customer285@example.com,Canada,2024-10-02
286,Sneha Sharma,customer286@example.com,UK,2023-07-28
287,Neha Kumar,customer287@example.com,Canada,2023-10-22
288,Vikram Verma,customer288@example.com,India,2023-05-05
289,Riya Nair,customer289@example.com,Germany,2023-09-03
290,Arjun Singh,customer290@example.com,India,2024-07-18
291,Neha Rao,customer291@example.com,USA,2023-04-06
292,Varun Reddy,customer292@example.com,India,2024-04-17
293,Riya Kumar,customer293@example.com,Germany,2024-05-25
294,Diya Joshi,customer294@example.com,Canada,2023-10-07
295,Varun Verma,customer295@example.com,USA,2024-04-28
296,Meera Joshi,customer296@example.com,Canada,2023-05-29
297,Ananya Nair,customer297@example.com,Germany,2024-06-04
298,Vikram Kumar,customer298@example.com,UK,2023-03-13
299,Sneha Rao,customer299@example.com,Australia,2023-12-15
300,Diya Sharma,customer300@example.com,Germany,2023-10-17
301,Diya Nair,customer301@example.com,Germany,2024-08-16
302,Meera Kumar,customer302@example.com,Australia,2024-04-02
303,Meera Gupta,customer303@example.com,Australia,2023-12-07
304,Sneha Joshi,customer304@example.com,Canada,2024-01-22
305,Vikram Gupta,customer305@example.com,Germany,2023-07-13
306,Ananya Nair,customer306@example.com,USA,2024-01-28
307,Varun Rao,customer307@example.com,UK,2023-02-14
308,Rohan Verma,customer308@example.com,Canada,2024-01-26
309,Riya Kumar,customer309@example.com,India,2024-05-22
310,Arjun Joshi,customer310@example.com,UK,2024-08-27
311,Varun Reddy,customer311@example.com,India,2024-03-26
312,Neha Verma,customer312@example.com,Germany,2023-01-16
313,Arjun Rao,customer313@example.com,USA,2024-11-01
314,Aditya Verma,customer314@example.com,UK,2023-09-29
315,Rahul Rao,customer315@example.com,India,2024-10-27
316,Varun Gupta,customer316@example.com,Australia,2024-11-21
317,Kavya Gupta,customer317@example.com,Germany,2024-10-03
318,Vikram Verma,customer318@example.com,India,2024-07-08
319,Rahul Reddy,customer319@example.com,Germany,2023-08-29
320,Riya Singh,customer320@example.com,Germany,2023-08-21
321,Aditya Rao,customer321@example.com,Germany,2023-04-11
322,Rohan Reddy,customer322@example.com,USA,2024-03-30
323,Rohan Singh,customer323@example.com,India,2023-01-30
324,Ishaan Sharma,customer324@example.com,UK,2023-10-28
325,Ishaan Rao,customer325@example.com,USA,2023-05-30
326,Neha Rao,customer326@example.com,Germany,2024-08-02
327,Sneha Kumar,customer327@example.com,USA,2023-06-24
328,Aditya Nair,customer328@example.com,Australia,2024-01-27
329,Riya Patel,customer329@example.com,Australia,2024-05-24
330,Arjun Patel,customer330@example.com,Germany,2024-04-17
331,Diya Verma,customer331@example.com,Germany,2023-09-19
332,Aarav Verma,customer332@example.com,Germany,2023-10-22
333,Neha Kumar,customer333@example.com,Canada,2023-03-17
334,Ishaan Nair,customer334@example.com,Germany,2023-11-03
335,Kavya Singh,customer335@example.com,UK,2024-04-12
336,Ananya Rao,customer336@example.com,India,2024-05-09
337,Ananya Rao,customer337@example.com,UK,2024-08-08
338,Rahul Singh,customer338@example.com,India,2023-10-30
339,Varun Rao,customer339@example.com,India,2023-10-09
340,Rahul Sharma,customer340@example.com,Germany,2024-09-12
341,Meera Singh,customer341@example.com,Australia,2023-08-24
342,Sneha Gupta,customer342@example.com,Germany,2023-08-13
343,Ananya Nair,customer343@example.com,Germany,2023-09-14
344,Sneha Kumar,customer344@example.com,India,2024-10-05
345,Vikram Sharma,customer345@example.com,Canada,2023-11-13
346,Aarav Nair,customer346@example.com,Germany,2024-01-09
347,Arjun Reddy,customer347@example.com,UK,2023-10-30
348,Rohan Rao,customer348@example.com,USA,2023-06-29
349,Arjun Joshi,customer349@example.com,Australia,2024-01-10
350,Neha Singh,customer350@example.com,UK,2023-06-18
351,Vikram Verma,customer351@example.com,Germany,2023-10-30
352,Varun Gupta,customer352@example.com,Canada,2023-04-28
353,Aditya Kumar,customer353@example.com,Germany,2023-08-20
354,Rohan Rao,customer354@example.com,UK,2024-07-24
355,Aditya Rao,customer355@example.com,UK,2023-01-15
356,Neha Reddy,customer356@example.com,UK,2024-04-10
357,Riya Singh,customer357@example.com,Canada,2024-08-21
358,Varun Gupta,customer358@example.com,Germany,2023-04-21
359,Ananya Verma,customer359@example.com,Australia,2023-01-26
360,Vikram Joshi,customer360@example.com,Australia,2023-12-02
361,Ananya Reddy,customer361@example.com,Canada,2024-10-12
362,Vikram Singh,customer362@example.com,Canada,2024-10-26
363,Aditya Kumar,customer363@example.com,India,2023-02-16
364,Diya Verma,customer364@example.com,India,2023-04-29
365,Ananya Joshi,customer365@example.com,Canada,2023-05-19
366,Meera Gupta,customer366@example.com,Germany,2024-11-17
367,Rohan Joshi,customer367@example.com,Australia,2024-03-05
368,Rohan Kumar,customer368@example.com,Germany,2024-02-29
369,Aditya Verma,customer369@example.com,Canada,2024-09-22
370,Diya Sharma,customer370@example.com,USA,2024-01-15
371,Meera Verma,customer371@example.com,UK,2023-08-30
372,Aditya Gupta,customer372@example.com,Germany,2024-07-11
373,Ishaan Sharma,customer373@example.com,UK,2024-02-12
374,Ananya Reddy,customer374@example.com,India,2024-04-10
375,Riya Patel,customer375@example.com,Germany,2024-10-19
376,Rahul Sharma,customer376@example.com,UK,2023-02-21
377,Ananya Kumar,customer377@example.com,USA,2024-08-01
378,Aditya Joshi,customer378@example.com,Australia,2023-08-01
379,Ananya Patel,customer379@example.com,USA,2023-12-03
380,Sneha Nair,customer380@example.com,UK,2023-01-03
381,Varun Kumar,customer381@example.com,Australia,2023-05-14
382,Diya Kumar,customer382@example.com,Germany,2023-04-23
383,Varun Sharma,customer383@example.com,India,2023-05-15
384,Ishaan Patel,customer384@example.com,UK,2024-08-25
385,Aarav Kumar,customer385@example.com,India,2023-09-29
386,Arjun Rao,customer386@example.com,India,2024-06-22
387,Rohan Reddy,customer387@example.com,Canada,2024-05-02
388,Sneha Gupta,customer388@example.com,Australia,2024-06-09
389,Aditya Verma,customer389@example.com,USA,2024-05-30
390,Rahul Sharma,customer390@example.com,Australia,2024-11-05
391,Diya Verma,customer391@example.com,India,2024-10-20
392,Aarav Verma,customer392@example.com,Canada,2024-02-16
393,Riya Reddy,customer393@example.com,Germany,2024-05-17
394,Vikram Verma,customer394@example.com,India,2023-03-17
395,Ishaan Nair,customer395@example.com,India,2023-06-01
396,Arjun Singh,customer396@example.com,Germany,2024-10-01
397,Rahul Joshi,customer397@example.com,Canada,2023-11-29
398,Rahul Joshi,customer398@example.com,Canada,2023-10-29
399,Neha Nair,customer399@example.com,India,2024-03-16
400,Sneha Reddy,customer400@example.com,Germany,2024-11-01
401,Vikram Joshi,customer401@example.com,Canada,2023-08-09
402,Meera Patel,customer402@example.com,UK,2024-02-28
403,Varun Verma,customer403@example.com,Canada,2024-02-13
404,Rohan Reddy,customer404@example.com,Canada,2023-11-17
405,Ishaan Singh,customer405@example.com,USA,2024-01-19
406,Riya Verma,customer406@example.com,India,2023-03-10
407,Varun Reddy,customer407@example.com,Canada,2023-04-06
408,Aditya Gupta,customer408@example.com,Australia,2023-05-14
409,Aarav Nair,customer409@example.com,Australia,2024-07-29
410,Ishaan Reddy,customer410@example.com,UK,2024-02-25
411,Varun Rao,customer411@example.com,UK,2023-02-22
412,Rahul Singh,customer412@example.com,India,2023-12-27
413,Rahul Joshi,customer413@example.com,USA,2023-08-06
414,Riya Verma,customer414@example.com,India,2023-08-18
415,Ishaan Joshi,customer415@example.com,India,2024-01-12
416,Sneha Singh,customer416@example.com,USA,2024-08-10
417,Sneha Rao,customer417@example.com,Australia,2024-07-28
418,Rahul Joshi,customer418@example.com,Australia,2023-01-27
419,Vikram Singh,customer419@example.com,USA,2023-01-30
420,Diya Singh,customer420@example.com,UK,2023-12-14
421,Aarav Kumar,customer421@example.com,Australia,2023-05-27
422,Riya Rao,customer422@example.com,USA,2023-03-13
423,Rohan Sharma,customer423@example.com,Germany,2023-04-04
424,Neha Patel,customer424@example.com,Canada,2024-01-21
425,Meera Gupta,customer425@example.com,UK,2023-06-11
426,Diya Gupta,customer426@example.com,Australia,2024-08-04
427,Aditya Sharma,customer427@example.com,USA,2023-06-09
428,Sneha Nair,customer428@example.com,Germany,2023-02-20
429,Aditya Singh,customer429@example.com,Germany,2024-03-29
430,Kavya Verma,customer430@example.com,Canada,2024-09-13
431,Kavya Singh,customer431@example.com,Australia,2023-08-09
432,Aditya Gupta,customer432@example.com,India,2024-03-16
433,Diya Nair,customer433@example.com,Australia,2024-05-13
434,Riya Singh,customer434@example.com,USA,2023-02-16
435,Kavya Nair,customer435@example.com,India,2023-02-26
436,Ananya Singh,customer436@example.com,USA,2023-08-05
437,Sneha Singh,customer437@example.com,UK,2023-10-24
438,Aditya Sharma,customer438@example.com,Germany,2024-05-24
439,Kavya Kumar,customer439@example.com,Canada,2023-05-13
440,Neha Patel,customer440@example.com,Australia,2024-05-27
441,Varun Gupta,customer441@example.com,Canada,2023-03-15
442,Varun Sharma,customer442@example.com,India,2024-03-22
443,Meera Reddy,customer443@example.com,Australia,2023-11-17
444,Kavya Nair,customer444@example.com,Germany,2024-02-19
445,Riya Rao,customer445@example.com,India,2023-10-24
446,Kavya Sharma,customer446@example.com,USA,2023-11-29
447,Sneha Nair,customer447@example.com,Germany,2024-04-16
448,Vikram Gupta,customer448@example.com,Canada,2023-04-01
449,Varun Reddy,customer449@example.com,Canada,2023-09-07
450,Rahul Rao,customer450@example.com,India,2024-06-20
451,Kavya Singh,customer451@example.com,USA,2023-12-14
452,Ishaan Kumar,customer452@example.com,Australia,2023-03-20
453,Riya Reddy,customer453@example.com,Australia,2024-06-27
454,Ananya Gupta,customer454@example.com,Germany,2023-12-26
455,Varun Kumar,customer455@example.com,India,2023-08-30
456,Arjun Singh,customer456@example.com,USA,2023-07-22
457,Rahul Kumar,customer457@example.com,India,2024-11-02
458,Arjun Verma,customer458@example.com,Australia,2024-04-20
459,Sneha Nair,customer459@example.com,Germany,2024-04-04
460,Vikram Nair,customer460@example.com,Germany,2024-10-20
461,Rahul Gupta,customer461@example.com,UK,2024-10-04
462,Arjun Verma,customer462@example.com,Canada,2023-03-11
463,Meera Singh,customer463@example.com,Australia,2023-10-09
464,Aarav Gupta,customer464@example.com,India,2024-06-03
465,Diya Verma,customer465@example.com,India,2024-04-07
466,Aarav Gupta,customer466@example.com,India,2023-10-21
467,Riya Reddy,customer467@example.com,Australia,2024-09-21
468,Neha Rao,customer468@example.com,Australia,2024-04-18
469,Neha Sharma,customer469@example.com,Australia,2024-04-05
470,Riya Patel,customer470@example.com,Australia,2023-11-26
471,Meera Joshi,customer471@example.com,India,2023-06-04
472,Meera Reddy,customer472@example.com,Germany,2023-12-18
473,Aditya Joshi,customer473@example.com,USA,2024-10-23
474,Aarav Patel,customer474@example.com,Canada,2024-03-24
475,Neha Joshi,customer475@example.com,USA,2024-09-16
476,Ishaan Gupta,customer476@example.com,Canada,2023-10-17
477,Kavya Gupta,customer477@example.com,Australia,2024-11-26
478,Aarav Gupta,customer478@example.com,UK,2023-03-09
479,Aditya Joshi,customer479@example.com,Canada,2024-11-25
480,Diya Singh,customer480@example.com,Australia,2024-11-03
481,Varun Kumar,customer481@example.com,India,2023-12-08
482,Rahul Kumar,customer482@example.com,UK,2023-12-25
483,Riya Rao,customer483@example.com,Australia,2023-05-13
484,Rohan Reddy,customer484@example.com,Australia,2023-11-14
485,Kavya Gupta,customer485@example.com,Germany,2023-05-11
486,Rohan Joshi,customer486@example.com,Germany,2023-04-06
487,Riya Rao,customer487@example.com,UK,2024-06-04
488,Aarav Gupta,customer488@example.com,USA,2023-11-13
489,Ananya Gupta,customer489@example.com,USA,2024-05-12
490,Ananya Kumar,customer490@example.com,India,2023-06-08
491,Diya Reddy,customer491@example.com,Australia,2024-06-03
492,Varun Joshi,customer492@example.com,Germany,2023-02-08
493,Ishaan Nair,customer493@example.com,Australia,2023-05-15
494,Kavya Kumar,customer494@example.com,USA,2023-06-16
495,Varun Nair,customer495@example.com,Germany,2023-06-19
496,Meera Sharma,customer496@example.com,UK,2024-02-25
497,Riya Patel,customer497@example.com,Australia,2024-03-30
498,Diya Verma,customer498@example.com,Australia,2023-08-28
499,Ananya Singh,customer499@example.com,USA,2024-04-25
500,Ishaan Nair,customer500@example.com,Canada,2024-03-27
501,Sneha Singh,customer501@example.com,Australia,2024-01-27
502,Neha Rao,customer502@example.com,USA,2023-06-15
503,Sneha Nair,customer503@example.com,UK,2023-05-22
504,Aarav Verma,customer504@example.com,Australia,2024-01-16
505,Vikram Reddy,customer505@example.com,India,2024-06-12
506,Diya Reddy,customer506@example.com,UK,2023-06-14
507,Meera Joshi,customer507@example.com,Canada,2023-05-31
508,Aditya Patel,customer508@example.com,UK,2024-04-06
509,Vikram Sharma,customer509@example.com,India,2024-02-29
510,Kavya Joshi,customer510@example.com,USA,2024-01-18
511,Kavya Reddy,customer511@example.com,USA,2024-01-19
512,Aarav Gupta,customer512@example.com,Germany,2023-04-12
513,Riya Gupta,customer513@example.com,USA,2023-05-30
514,Aarav Singh,customer514@example.com,Germany,2024-04-28
515,Varun Kumar,customer515@example.com,Canada,2024-04-25
516,Rahul Sharma,customer516@example.com,India,2023-03-23
517,Diya Patel,customer517@example.com,Australia,2023-06-03
518,Rohan Nair,customer518@example.com,Canada,2024-06-24
519,Aditya Singh,customer519@example.com,UK,2023-09-01
520,Aditya Sharma,customer520@example.com,Canada,2023-09-02
521,Riya Nair,customer521@example.com,India,2024-04-13
522,Aditya Verma,customer522@example.com,Australia,2024-09-03
523,Aarav Joshi,customer523@example.com,USA,2024-08-11
524,Rohan Kumar,customer524@example.com,Canada,2023-10-26
525,Aarav Nair,customer525@example.com,USA,2023-12-28
526,Rahul Rao,customer526@example.com,Germany,2023-07-11
527,Riya Reddy,customer527@example.com,UK,2024-06-20
528,Aditya Joshi,customer528@example.com,Australia,2024-07-11
529,Sneha Joshi,customer529@example.com,India,2024-07-21
530,Kavya Verma,customer530@example.com,Germany,2023-02-14
531,Kavya Gupta,customer531@example.com,Germany,2023-09-17
532,Aarav Gupta,customer532@example.com,UK,2023-03-11
533,Ananya Reddy,customer533@example.com,Germany,2024-08-18
534,Sneha Gupta,customer534@example.com,India,2023-05-17
535,Ishaan Joshi,customer535@example.com,Germany,2023-12-13
536,Arjun Verma,customer536@example.com,Germany,2024-05-05
537,Arjun Kumar,customer537@example.com,Germany,2023-03-06
538,Sneha Verma,customer538@example.com,UK,2023-02-07
539,Ananya Sharma,customer539@example.com,India,2023-07-24
540,Ishaan Singh,customer540@example.com,Canada,2024-06-11
541,Varun Joshi,customer541@example.com,UK,2024-04-29
542,Aarav Patel,customer542@example.com,UK,2023-10-20
543,Varun Sharma,customer543@example.com,UK,2024-11-02
544,Diya Reddy,customer544@example.com,Canada,2024-01-12
545,Vikram Rao,customer545@example.com,Canada,2024-03-26
546,Ishaan Kumar,customer546@example.com,Germany,2024-05-23
547,Meera Gupta,customer547@example.com,UK,2024-06-15
548,Sneha Reddy,customer548@example.com,India,2024-03-10
549,Kavya Nair,customer549@example.com,Australia,2023-07-04
550,Diya Gupta,customer550@example.com,India,2023-04-16
551,Ishaan Singh,customer551@example.com,Canada,2023-11-10
552,Rahul Rao,customer552@example.com,Germany,2023-06-20
553,Meera Gupta,customer553@example.com,India,2024-04-02
554,Rohan Gupta,customer554@example.com,Canada,2024-09-21
555,Diya Sharma,customer555@example.com,Germany,2023-03-18
556,Riya Rao,customer556@example.com,Australia,2024-01-08
557,Sneha Kumar,customer557@example.com,USA,2023-02-01
558,Varun Nair,customer558@example.com,Canada,2024-11-25
559,Aarav Kumar,customer559@example.com,USA,2023-03-10
560,Sneha Gupta,customer560@example.com,Canada,2024-01-06
561,Rahul Sharma,customer561@example.com,USA,2024-09-11
562,Riya Verma,customer562@example.com,UK,2024-01-15
563,Meera Reddy,customer563@example.com,USA,2024-08-10
564,Neha Gupta,customer564@example.com,UK,2024-02-12
565,Riya Singh,customer565@example.com,India,2023-09-13
566,Aarav Kumar,customer566@example.com,Australia,2024-05-26
567,Kavya Joshi,customer567@example.com,UK,2023-05-01
568,Sneha Singh,customer568@example.com,USA,2024-04-01
569,Rahul Singh,customer569@example.com,USA,2024-05-17
570,Aditya Kumar,customer570@example.com,Canada,2023-03-17
571,Arjun Verma,customer571@example.com,Germany,2023-03-31
572,Varun Gupta,customer572@example.com,UK,2024-11-14
573,Rohan Reddy,customer573@example.com,Australia,2024-07-17
574,Diya Singh,customer574@example.com,Germany,2023-06-11
575,Rohan Kumar,customer575@example.com,Australia,2024-01-06
576,Ananya Reddy,customer576@example.com,USA,2023-07-25
577,Ananya Verma,customer577@example.com,UK,2023-01-27
578,Neha Nair,customer578@example.com,Canada,2024-01-13
579,Sneha Joshi,customer579@example.com,Australia,2023-05-13
580,Vikram Reddy,customer580@example.com,UK,2023-03-09
581,Kavya Verma,customer581@example.com,Canada,2024-06-22
582,Sneha Rao,customer582@example.com,India,2024-08-11
583,Arjun Gupta,customer583@example.com,India,2024-10-19
584,Meera Verma,customer584@example.com,Australia,2024-11-27
585,Ishaan Kumar,customer585@example.com,Germany,2024-07-18
586,Rahul Kumar,customer586@example.com,Canada,2023-05-13
587,Neha Sharma,customer587@example.com,Australia,2023-05-08
588,Arjun Singh,customer588@example.com,USA,2023-06-18
589,Ishaan Patel,customer589@example.com,Australia,2023-12-21
590,Vikram Singh,customer590@example.com,UK,2023-03-22
591,Ananya Joshi,customer591@example.com,USA,2023-10-09
592,Riya Singh,customer592@example.com,Australia,2024-09-21
593,Aditya Joshi,customer593@example.com,USA,2024-10-18
594,Rahul Nair,customer594@example.com,USA,2023-06-07
595,Riya Nair,customer595@example.com,UK,2024-09-11
596,Varun Nair,customer596@example.com,India,2023-02-12
597,Aditya Sharma,customer597@example.com,Australia,2024-10-18
598,Diya Patel,customer598@example.com,Canada,2024-08-08
599,Rahul Sharma,customer599@example.com,Germany,2024-05-24
600,Neha Singh,customer600@example.com,UK,2024-10-19
601,Meera Patel,customer601@example.com,UK,2024-02-20
602,Meera Reddy,customer602@example.com,USA,2023-03-03
603,Meera Rao,customer603@example.com,Canada,2024-05-10
604,Ananya Gupta,customer604@example.com,USA,2024-09-13
605,Ishaan Gupta,customer605@example.com,Canada,2023-12-20
606,Arjun Gupta,customer606@example.com,Australia,2024-06-11
607,Aditya Gupta,customer607@example.com,Canada,2023-09-05
608,Aditya Singh,customer608@example.com,USA,2024-04-05
609,Arjun Reddy,customer609@example.com,UK,2023-02-21
610,Kavya Nair,customer610@example.com,USA,2024-03-04
611,Varun Kumar,customer611@example.com,Australia,2023-12-02
612,Rohan Gupta,customer612@example.com,USA,2023-07-14
613,Meera Joshi,customer613@example.com,Canada,2024-04-23
614,Vikram Singh,customer614@example.com,India,2024-05-24
615,Aditya Rao,customer615@example.com,Canada,2024-06-01
616,Ananya Patel,customer616@example.com,UK,2024-08-20
617,Aarav Sharma,customer617@example.com,Canada,2023-10-16
618,Rahul Verma,customer618@example.com,Australia,2023-10-20
619,Aarav Reddy,customer619@example.com,USA,2024-03-17
620,Vikram Singh,customer620@example.com,Canada,2024-01-10
621,Ishaan Sharma,customer621@example.com,India,2024-02-15
622,Rahul Joshi,customer622@example.com,UK,2023-07-19
623,Neha Singh,customer623@example.com,Canada,2023-03-17
624,Neha Verma,customer624@example.com,UK,2024-07-17
625,Varun Nair,customer625@example.com,Australia,2024-11-27
626,Aditya Kumar,customer626@example.com,Canada,2023-04-10
627,Ishaan Gupta,customer627@example.com,UK,2024-07-25
628,Sneha Kumar,customer628@example.com,Australia,2023-07-23
629,Neha Rao,customer629@example.com,India,2024-05-27
630,Aarav Sharma,customer630@example.com,Germany,2023-05-21
631,Ishaan Verma,customer631@example.com,Canada,2024-06-15
632,Arjun Nair,customer632@example.com,USA,2024-06-11
633,Ishaan Nair,customer633@example.com,USA,2023-11-23
634,Kavya Nair,customer634@example.com,Australia,2023-11-03
635,Ishaan Joshi,customer635@example.com,Australia,2024-06-05
636,Meera Nair,customer636@example.com,Canada,2023-11-03
637,Varun Sharma,customer637@example.com,UK,2024-01-13
638,Riya Reddy,customer638@example.com,Australia,2024-03-02
639,Diya Sharma,customer639@example.com,Canada,2024-09-03
640,Diya Nair,customer640@example.com,USA,2024-08-14
641,Rohan Sharma,customer641@example.com,Canada,2024-08-20
642,Arjun Joshi,customer642@example.com,Germany,2024-10-06
643,Rahul Rao,customer643@example.com,Germany,2023-06-01
644,Ananya Sharma,customer644@example.com,Germany,2024-08-09
645,Aditya Patel,customer645@example.com,Canada,2023-01-20
646,Ishaan Rao,customer646@example.com,Canada,2023-06-05
647,Rohan Patel,customer647@example.com,Australia,2024-02-25
648,Sneha Nair,customer648@example.com,Germany,2024-04-27
649,Rohan Sharma,customer649@example.com,Australia,2023-05-22
650,Ananya Joshi,customer650@example.com,Germany,2023-11-29
651,Meera Joshi,customer651@example.com,UK,2024-01-21
652,Arjun Verma,customer652@example.com,UK,2024-06-29
653,Neha Gupta,customer653@example.com,Germany,2024-11-23
654,Riya Singh,customer654@example.com,Canada,2024-09-16
655,Ananya Patel,customer655@example.com,Australia,2023-10-13
656,Diya Patel,customer656@example.com,UK,2023-11-01
657,Rohan Patel,customer657@example.com,UK,2024-05-15
658,Meera Gupta,customer658@example.com,Germany,2024-07-27
659,Diya Singh,customer659@example.com,Australia,2023-05-05
660,Riya Joshi,customer660@example.com,Canada,2024-01-24
661,Varun Gupta,customer661@example.com,UK,2023-05-30
662,Aarav Singh,customer662@example.com,UK,2023-03-22
663,Vikram Verma,customer663@example.com,UK,2024-11-02
664,Rohan Verma,customer664@example.com,USA,2023-08-08
665,Varun Joshi,customer665@example.com,Australia,2023-10-05
666,Rohan Singh,customer666@example.com,India,2023-05-21
667,Rahul Nair,customer667@example.com,USA,2023-09-03
668,Aarav Joshi,customer668@example.com,Germany,2023-08-20
669,Ananya Sharma,customer669@example.com,Canada,2023-04-13
670,Ishaan Verma,customer670@example.com,Germany,2023-04-13
671,Sneha Kumar,customer671@example.com,Australia,2023-01-06
672,Vikram Kumar,customer672@example.com,Germany,2024-02-21
673,Vikram Verma,customer673@example.com,Germany,2024-05-03
674,Ananya Singh,customer674@example.com,UK,2023-11-25
675,Riya Sharma,customer675@example.com,Germany,2023-04-02
676,Rahul Patel,customer676@example.com,Germany,2024-07-01
677,Rohan Sharma,customer677@example.com,Canada,2023-06-29
678,Vikram Kumar,customer678@example.com,Canada,2023-02-07
679,Sneha Verma,customer679@example.com,Germany,2023-07-10
680,Varun Singh,customer680@example.com,India,2023-02-08
681,Diya Nair,customer681@example.com,India,2024-09-09
682,Vikram Gupta,customer682@example.com,Canada,2023-10-19
683,Riya Joshi,customer683@example.com,Canada,2024-06-20
684,Vikram Kumar,customer684@example.com,Canada,2024-05-31
685,Diya Patel,customer685@example.com,UK,2023-04-26
686,Arjun Verma,customer686@example.com,UK,2024-10-25
687,Rohan Kumar,customer687@example.com,Germany,2023-01-15
688,Ishaan Singh,customer688@example.com,Germany,2024-08-04
689,Sneha Patel,customer689@example.com,Australia,2023-06-29
690,Varun Rao,customer690@example.com,Australia,2024-03-13
691,Ishaan Reddy,customer691@example.com,Germany,2024-02-15
692,Aditya Kumar,customer692@example.com,Canada,2023-05-24
693,Ishaan Patel,customer693@example.com,UK,2023-01-07
694,Kavya Patel,customer694@example.com,UK,2024-04-02
695,Ishaan Singh,customer695@example.com,Germany,2024-08-19
696,Rahul Sharma,customer696@example.com,Germany,2023-09-25
697,Ishaan Patel,customer697@example.com,Germany,2023-03-05
698,Aditya Verma,customer698@example.com,USA,2023-11-11
699,Kavya Joshi,customer699@example.com,Germany,2023-11-15
700,Aditya Singh,customer700@example.com,Australia,2024-01-12
701,Ananya Patel,customer701@example.com,Canada,2023-05-17
702,Arjun Verma,customer702@example.com,UK,2024-09-12
703,Kavya Joshi,customer703@example.com,Australia,2024-04-27
704,Sneha Patel,customer704@example.com,Germany,2023-09-11
705,Sneha Nair,customer705@example.com,Australia,2023-03-25
706,Meera Joshi,customer706@example.com,India,2024-01-06
707,Vikram Nair,customer707@example.com,India,2023-04-25
708,Varun Joshi,customer708@example.com,USA,2024-06-01
709,Rahul Joshi,customer709@example.com,USA,2023-06-03
710,Ishaan Joshi,customer710@example.com,India,2024-03-28
711,Riya Patel,customer711@example.com,Canada,2024-08-20
712,Aditya Joshi,customer712@example.com,India,2024-04-01
713,Meera Kumar,customer713@example.com,Canada,2024-06-09
714,Meera Nair,customer714@example.com,Australia,2023-03-01
715,Meera Singh,customer715@example.com,Canada,2023-01-23
716,Diya Sharma,customer716@example.com,Australia,2023-08-12
717,Aditya Sharma,customer717@example.com,UK,2024-03-09
718,Rohan Reddy,customer718@example.com,India,2024-07-08
719,Vikram Reddy,customer719@example.com,India,2024-04-28
720,Diya Rao,customer720@example.com,USA,2023-07-04
721,Sneha Rao,customer721@example.com,Canada,2024-01-19
722,Meera Rao,customer722@example.com,India,2024-01-20
723,Riya Joshi,customer723@example.com,Germany,2023-05-17
724,Varun Gupta,customer724@example.com,USA,2023-05-02
725,Neha Rao,customer725@example.com,USA,2024-06-25
726,Rohan Patel,customer726@example.com,India,2023-01-04
727,Diya Verma,customer727@example.com,Germany,2024-11-20
728,Neha Rao,customer728@example.com,Canada,2024-06-28
729,Varun Patel,customer729@example.com,Canada,2023-09-11
730,Ishaan Kumar,customer730@example.com,USA,2023-10-10
731,Vikram Reddy,customer731@example.com,Germany,2023-02-02
732,Kavya Nair,customer732@example.com,USA,2023-01-17
733,Ananya Reddy,customer733@example.com,Australia,2023-04-14
734,Aarav Verma,customer734@example.com,Germany,2024-09-04
735,Rohan Sharma,customer735@example.com,Germany,2023-09-08
736,Aarav Rao,customer736@example.com,USA,2024-03-25
737,Neha Patel,customer737@example.com,USA,2023-02-27
738,Neha Singh,customer738@example.com,Germany,2023-08-28
739,Rahul Gupta,customer739@example.com,Australia,2024-08-14
740,Sneha Gupta,customer740@example.com,UK,2023-08-31
741,Vikram Kumar,customer741@example.com,Australia,2024-11-07
742,Ananya Rao,customer742@example.com,UK,2023-11-04
743,Aarav Joshi,customer743@example.com,Germany,2024-08-28
744,Vikram Kumar,customer744@example.com,Germany,2024-10-03
745,Kavya Joshi,customer745@example.com,India,2024-05-22
746,Ishaan Rao,customer746@example.com,UK,2024-06-21
747,Rohan Rao,customer747@example.com,USA,2024-02-23
748,Diya Rao,customer748@example.com,Australia,2023-07-08
749,Meera Patel,customer749@example.com,UK,2023-08-19
750,Varun Kumar,customer750@example.com,India,2024-04-19
751,Neha Rao,customer751@example.com,Australia,2024-03-02
752,Neha Kumar,customer752@example.com,USA,2024-02-02
753,Diya Patel,customer753@example.com,Germany,2023-12-05
754,Aditya Verma,customer754@example.com,India,2024-01-15
755,Neha Patel,customer755@example.com,UK,2023-02-22
756,Kavya Nair,customer756@example.com,India,2024-09-09
757,Varun Reddy,customer757@example.com,Australia,2023-07-12
758,Rohan Joshi,customer758@example.com,Canada,2023-08-11
759,Ananya Gupta,customer759@example.com,India,2023-11-07
760,Ananya Patel,customer760@example.com,Germany,2023-05-01
761,Sneha Verma,customer761@example.com,Germany,2023-09-06
762,Rahul Patel,customer762@example.com,USA,2024-02-11
763,Neha Gupta,customer763@example.com,Canada,2023-10-17
764,Meera Joshi,customer764@example.com,UK,2024-10-26
765,Diya Singh,customer765@example.com,Australia,2024-01-04
766,Vikram Verma,customer766@example.com,India,2024-04-22
767,Sneha Verma,customer767@example.com,USA,2023-11-24
768,Ishaan Gupta,customer768@example.com,India,2024-02-28
769,Rahul Patel,customer769@example.com,India,2023-05-30
770,Diya Joshi,customer770@example.com,Australia,2024-08-21
771,Rohan Rao,customer771@example.com,USA,2023-10-30
772,Ananya Gupta,customer772@example.com,Canada,2023-08-24
773,Rahul Patel,customer773@example.com,Australia,2024-05-26
774,Riya Gupta,customer774@example.com,Canada,2023-09-21
775,Rohan Verma,customer775@example.com,USA,2024-04-16
776,Rohan Gupta,customer776@example.com,USA,2023-06-23
777,Rohan Joshi,customer777@example.com,USA,2024-05-15
778,Vikram Joshi,customer778@example.com,India,2024-10-19
779,Neha Sharma,customer779@example.com,Germany,2023-03-18
780,Aarav Sharma,customer780@example.com,USA,2024-02-27
781,Varun Patel,customer781@example.com,Germany,2023-03-11
782,Arjun Sharma,customer782@example.com,Australia,2023-08-12
783,Meera Gupta,customer783@example.com,Australia,2023-03-03
784,Riya Nair,customer784@example.com,Germany,2024-05-09
785,Meera Sharma,customer785@example.com,Australia,2023-01-07
786,Neha Rao,customer786@example.com,India,2023-01-13
787,Neha Singh,customer787@example.com,UK,2024-07-02
788,Aarav Joshi,customer788@example.com,Canada,2024-11-21
789,Sneha Kumar,customer789@example.com,India,2023-04-20
790,Neha Kumar,customer790@example.com,USA,2023-09-04
791,Rahul Joshi,customer791@example.com,UK,2023-09-16
792,Diya Rao,customer792@example.com,UK,2023-03-22
793,Kavya Verma,customer793@example.com,USA,2024-08-01
794,Rohan Patel,customer794@example.com,Germany,2023-11-04
795,Varun Reddy,customer795@example.com,Germany,2024-10-31
796,Sneha Sharma,customer796@example.com,Canada,2023-04-06
797,Kavya Rao,customer797@example.com,Canada,2024-07-19
798,Aarav Sharma,customer798@example.com,India,2023-06-25
799,Meera Rao,customer799@example.com,UK,2024-10-22
800,Rahul Reddy,customer800@example.com,India,2024-06-24
801,Ananya Patel,customer801@example.com,Canada,2024-08-03
802,Diya Sharma,customer802@example.com,Germany,2023-03-18
803,Vikram Singh,customer803@example.com,Australia,2024-07-10
804,Riya Sharma,customer804@example.com,UK,2023-07-03
805,Aarav Patel,customer805@example.com,USA,2024-08-24
806,Sneha Rao,customer806@example.com,UK,2023-03-20
807,Arjun Nair,customer807@example.com,Australia,2023-09-04
808,Varun Rao,customer808@example.com,Australia,2024-11-24
809,Ishaan Rao,customer809@example.com,Germany,2023-05-24
810,Rohan Reddy,customer810@example.com,Germany,2024-05-27
811,Ishaan Sharma,customer811@example.com,Canada,2023-04-11
812,Ananya Reddy,customer812@example.com,Australia,2023-12-15
813,Sneha Nair,customer813@example.com,Canada,2024-09-01
814,Sneha Gupta,customer814@example.com,Germany,2023-01-31
815,Diya Verma,customer815@example.com,USA,2024-05-17
816,Ishaan Joshi,customer816@example.com,Canada,2024-01-20
817,Arjun Nair,customer817@example.com,Canada,2024-11-07
818,Aditya Nair,customer818@example.com,USA,2023-10-30
819,Rohan Reddy,customer819@example.com,UK,2023-03-26
820,Arjun Rao,customer820@example.com,USA,2024-10-11
821,Rohan Rao,customer821@example.com,UK,2023-11-21
822,Aditya Reddy,customer822@example.com,UK,2023-01-06
823,Meera Gupta,customer823@example.com,India,2023-10-04
824,Arjun Reddy,customer824@example.com,Canada,2023-07-11
825,Meera Joshi,customer825@example.com,Australia,2024-07-22
826,Kavya Reddy,customer826@example.com,India,2023-01-27
827,Ishaan Joshi,customer827@example.com,Australia,2023-04-06
828,Rahul Gupta,customer828@example.com,India,2024-01-30
829,Diya Rao,customer829@example.com,India,2024-02-02
830,Rohan Joshi,customer830@example.com,Australia,2023-09-06
831,Neha Kumar,customer831@example.com,USA,2024-01-25
832,Arjun Singh,customer832@example.com,UK,2023-11-05
833,Meera Kumar,customer833@example.com,USA,2023-03-06
834,Kavya Singh,customer834@example.com,UK,2024-03-07
835,Meera Reddy,customer835@example.com,UK,2024-01-05
836,Ananya Verma,customer836@example.com,Australia,2024-08-31
837,Ananya Verma,customer837@example.com,USA,2023-04-20
838,Diya Sharma,customer838@example.com,UK,2024-02-10
839,Varun Nair,customer839@example.com,UK,2024-01-25
840,Meera Gupta,customer840@example.com,Germany,2024-03-16
841,Rahul Kumar,customer841@example.com,UK,2023-11-04
842,Rahul Patel,customer842@example.com,UK,2024-05-05
843,Arjun Rao,customer843@example.com,UK,2023-11-23
844,Rohan Verma,customer844@example.com,USA,2024-08-12
845,Ishaan Rao,customer845@example.com,Canada,2023-10-15
846,Ishaan Reddy,customer846@example.com,USA,2024-07-31
847,Rahul Joshi,customer847@example.com,Germany,2023-07-04
848,Sneha Joshi,customer848@example.com,Germany,2023-01-28
849,Meera Patel,customer849@example.com,UK,2024-03-24
850,Varun Reddy,customer850@example.com,Germany,2024-02-23
851,Meera Kumar,customer851@example.com,UK,2024-10-10
852,Ananya Singh,customer852@example.com,USA,2024-11-05
853,Rohan Rao,customer853@example.com,India,2024-01-22
854,Meera Nair,customer854@example.com,Australia,2024-05-05
855,Kavya Joshi,customer855@example.com,Germany,2024-06-02
856,Kavya Joshi,customer856@example.com,UK,2023-02-07
857,Rohan Joshi,customer857@example.com,Germany,2024-08-31
858,Vikram Reddy,customer858@example.com,USA,2023-04-22
859,Riya Gupta,customer859@example.com,Germany,2023-06-20
860,Rahul Sharma,customer860@example.com,Germany,2024-07-30
861,Riya Rao,customer861@example.com,Canada,2023-12-06
862,Aditya Sharma,customer862@example.com,UK,2023-04-11
863,Ananya Joshi,customer863@example.com,Australia,2024-06-15
864,Rahul Nair,customer864@example.com,Canada,2023-08-15
865,Ishaan Rao,customer865@example.com,Germany,2024-04-19
866,Rahul Joshi,customer866@example.com,UK,2023-06-04
867,Aarav Verma,customer867@example.com,UK,2023-04-18
868,Kavya Reddy,customer868@example.com,Germany,2023-04-29
869,Arjun Gupta,customer869@example.com,UK,2023-11-16
870,Meera Patel,customer870@example.com,Canada,2024-06-17
871,Ishaan Verma,customer871@example.com,Canada,2023-04-10
872,Rohan Verma,customer872@example.com,India,2023-11-23
873,Diya Sharma,customer873@example.com,India,2023-04-28
874,Varun Gupta,customer874@example.com,India,2024-10-25
875,Riya Kumar,customer875@example.com,Australia,2023-09-07
876,Arjun Joshi,customer876@example.com,UK,2023-06-13
877,Neha Rao,customer877@example.com,USA,2024-04-18
878,Sneha Rao,customer878@example.com,USA,2024-10-06
879,Arjun Rao,customer879@example.com,India,2024-02-10
880,Rohan Nair,customer880@example.com,Canada,2023-07-22
881,Rahul Rao,customer881@example.com,India,2024-02-03
882,Rohan Patel,customer882@example.com,UK,2023-07-30
883,Sneha Reddy,customer883@example.com,India,2024-08-14
884,Sneha Joshi,customer884@example.com,UK,2023-07-11
885,Ishaan Patel,customer885@example.com,India,2024-04-13
886,Diya Verma,customer886@example.com,Germany,2024-06-24
887,Ishaan Nair,customer887@example.com,Australia,2024-02-02
888,Kavya Nair,customer888@example.com,UK,2023-04-27
889,Ishaan Verma,customer889@example.com,USA,2024-09-24
890,Varun Singh,customer890@example.com,Australia,2024-09-21
891,Aditya Kumar,customer891@example.com,India,2023-11-17
892,Ananya Singh,customer892@example.com,USA,2023-04-30
893,Ishaan Kumar,customer893@example.com,Canada,2024-06-07
894,Kavya Nair,customer894@example.com,Australia,2023-05-22
895,Kavya Rao,customer895@example.com,Canada,2023-07-10
896,Riya Joshi,customer896@example.com,USA,2024-10-22
897,Neha Kumar,customer897@example.com,UK,2024-05-16
898,Arjun Kumar,customer898@example.com,Canada,2023-11-19
899,Rahul Sharma,customer899@example.com,India,2024-01-03
900,Meera Kumar,customer900@example.com,Canada,2023-07-19
901,Neha Joshi,customer901@example.com,Canada,2024-10-30
902,Kavya Verma,customer902@example.com,Germany,2024-03-01
903,Varun Verma,customer903@example.com,USA,2024-05-15
904,Aditya Nair,customer904@example.com,USA,2023-02-01
905,Diya Sharma,customer905@example.com,USA,2023-10-09
906,Neha Singh,customer906@example.com,Canada,2023-06-22
907,Rahul Verma,customer907@example.com,Australia,2024-07-16
908,Aditya Nair,customer908@example.com,UK,2023-04-27
909,Sneha Joshi,customer909@example.com,Australia,2024-01-11
910,Varun Sharma,customer910@example.com,Australia,2024-03-27
911,Ananya Rao,customer911@example.com,Germany,2023-04-15
912,Varun Patel,customer912@example.com,India,2023-11-01
913,Meera Singh,customer913@example.com,India,2023-12-23
914,Meera Reddy,customer914@example.com,USA,2023-08-31
915,Sneha Nair,customer915@example.com,Germany,2023-12-26
916,Rahul Rao,customer916@example.com,Australia,2023-06-19
917,Arjun Patel,customer917@example.com,India,2023-07-31
918,Rahul Gupta,customer918@example.com,UK,2024-06-29
919,Rahul Joshi,customer919@example.com,UK,2023-06-22
920,Rohan Singh,customer920@example.com,Australia,2023-10-24
921,Diya Joshi,customer921@example.com,India,2024-11-26
922,Arjun Rao,customer922@example.com,UK,2023-03-02
923,Varun Kumar,customer923@example.com,USA,2023-05-16
924,Arjun Gupta,customer924@example.com,Germany,2023-09-11
925,Kavya Verma,customer925@example.com,Australia,2023-05-26
926,Riya Singh,customer926@example.com,Canada,2024-10-04
927,Kavya Verma,customer927@example.com,Germany,2023-03-19
928,Sneha Reddy,customer928@example.com,Australia,2024-02-17
929,Rohan Singh,customer929@example.com,Canada,2024-01-13
930,Meera Gupta,customer930@example.com,India,2024-08-18
931,Varun Reddy,customer931@example.com,Germany,2024-04-14
932,Riya Gupta,customer932@example.com,Australia,2023-03-06
933,Kavya Patel,customer933@example.com,USA,2024-03-15
934,Meera Singh,customer934@example.com,UK,2023-11-27
935,Ishaan Joshi,customer935@example.com,USA,2024-08-14
936,Rahul Verma,customer936@example.com,Germany,2023-12-18
937,Sneha Sharma,customer937@example.com,India,2023-02-17
938,Riya Verma,customer938@example.com,India,2023-01-17
939,Vikram Kumar,customer939@example.com,Canada,2024-03-27
940,Aarav Rao,customer940@example.com,Germany,2023-07-27
941,Vikram Kumar,customer941@example.com,UK,2024-10-27
942,Arjun Singh,customer942@example.com,Germany,2023-04-06
943,Ishaan Singh,customer943@example.com,UK,2023-03-26
944,Riya Kumar,customer944@example.com,Canada,2023-02-23
945,Riya Singh,customer945@example.com,Canada,2023-08-28
946,Riya Reddy,customer946@example.com,India,2023-04-08
947,Ananya Verma,customer947@example.com,USA,2023-03-21
948,Rahul Patel,customer948@example.com,Germany,2024-06-15
949,Meera Sharma,customer949@example.com,Germany,2023-01-09
950,Ishaan Reddy,customer950@example.com,Germany,2024-03-08
951,Arjun Verma,customer951@example.com,USA,2023-03-14
952,Kavya Reddy,customer952@example.com,India,2023-04-15
953,Ishaan Gupta,customer953@example.com,USA,2023-11-03
954,Kavya Kumar,customer954@example.com,Germany,2024-10-18
955,Arjun Reddy,customer955@example.com,Australia,2024-06-27
956,Aarav Nair,customer956@example.com,USA,2024-10-27
957,Meera Gupta,customer957@example.com,Germany,2023-08-07
958,Rohan Kumar,customer958@example.com,Australia,2024-02-26
959,Riya Verma,customer959@example.com,India,2023-08-11
960,Vikram Reddy,customer960@example.com,India,2023-05-24
961,Rahul Rao,customer961@example.com,Canada,2023-12-26
962,Ishaan Kumar,customer962@example.com,UK,2023-09-11
963,Riya Reddy,customer963@example.com,Australia,2023-09-12
964,Rahul Nair,customer964@example.com,UK,2024-09-14
965,Sneha Sharma,customer965@example.com,UK,2024-11-05
966,Ananya Joshi,customer966@example.com,Australia,2024-09-13
967,Ananya Rao,customer967@example.com,Germany,2023-10-30
968,Aarav Patel,customer968@example.com,Canada,2024-05-21
969,Aditya Patel,customer969@example.com,Germany,2024-05-26
970,Rahul Reddy,customer970@example.com,India,2024-06-24
971,Ishaan Gupta,customer971@example.com,Canada,2023-05-16
972,Varun Nair,customer972@example.com,UK,2024-03-06
973,Neha Kumar,customer973@example.com,India,2024-04-27
974,Aarav Nair,customer974@example.com,India,2023-03-11
975,Diya Patel,customer975@example.com,India,2023-02-10
976,Sneha Rao,customer976@example.com,UK,2024-06-02
977,Riya Joshi,customer977@example.com,Canada,2024-03-01
978,Rohan Rao,customer978@example.com,Germany,2023-03-26
979,Neha Joshi,customer979@example.com,USA,2024-09-22
980,Diya Reddy,customer980@example.com,India,2023-11-14
981,Neha Patel,customer981@example.com,Australia,2023-06-09
982,Ishaan Rao,customer982@example.com,Germany,2024-08-23
983,Sneha Reddy,customer983@example.com,Germany,2023-11-14
984,Kavya Patel,customer984@example.com,USA,2023-03-01
985,Aditya Rao,customer985@example.com,Canada,2023-04-29
986,Rahul Nair,customer986@example.com,UK,2023-02-26
987,Riya Kumar,customer987@example.com,India,2023-05-03
988,Rohan Kumar,customer988@example.com,USA,2023-01-12
989,Meera Gupta,customer989@example.com,Australia,2024-06-19
990,Sneha Singh,customer990@example.com,UK,2023-06-20
991,Arjun Singh,customer991@example.com,India,2023-05-01
992,Ishaan Rao,customer992@example.com,Australia,2023-10-06
993,Aditya Singh,customer993@example.com,Germany,2024-08-13
994,Aditya Verma,customer994@example.com,Australia,2024-04-11
995,Ishaan Sharma,customer995@example.com,Australia,2024-05-26
996,Arjun Gupta,customer996@example.com,UK,2023-06-11
997,Sneha Reddy,customer997@example.com,Germany,2024-08-10
998,Rohan Reddy,customer998@example.com,Germany,2023-08-22
999,Neha Sharma,customer999@example.com,India,2023-02-15
1000,Ananya Sharma,customer1000@example.com,UK,2024-04-28
